"risk_level","risk_score","peer_type","peer_id","title","unread_count","is_group","is_channel","is_user","risk_hits","safe_hits"
"MED","11","channel","1354862145","AltSignals.io 🥷👑","1937","False","True","False","signal;signals;alt;alts",""
"MED","10","channel","1287519782","Crypto Signals Trading Binance","2573","False","True","False","signal;signals;binance",""
"MED","10","channel","1278312262","Big Pumps Binance™","944","False","True","False","pump;pumps;binance",""
"MED","10","channel","1509614260","Pump Leaks","941","False","True","False","pump;leak;leaks",""
"MED","9","channel","1519087950","CRYPTO PUMPS","932","False","True","False","pump;pumps",""
"MED","8","channel","1295647328","Crypto Futures | Marco Hunter 🚀","2597","False","True","False","futures",""
"MED","8","channel","1351499165","Bitcoin Bullets®","2541","False","True","False","bitcoin",""
"MED","8","channel","1689343059","KUCOIN CRYPTO SIGNALS","524","False","True","False","signal;signals;kucoin",""
"MED","7","channel","1347728413","Wallstreet Queen Official®","3878","False","True","False","",""
"MED","7","channel","1453035653","Bybit English","3506","True","True","False","bybit",""
"MED","7","channel","1466074174","Crypto Inner Circle®","1541","False","True","False","",""
"MED","7","channel","1573829148","TMA OFFICIAL®","950","False","True","False","",""
"MED","7","channel","1568206963","קאנה קונקשן - הערוץ החדש","829","False","True","False","",""
"MED","7","channel","1742512586","BybitPro® ( Futures/Spot )","768","False","True","False","futures;bybit",""
"MED","7","channel","1173711569","Crypto Signals","541","False","True","False","signal;signals",""
"MED","7","channel","1835053629","(💎)FOREX GOLD SINGNAL(💎)","404","False","True","False","forex;gold",""
"MED","7","channel","1201283250","Rocket Wallet Signals","371","False","True","False","signal;signals",""
"LOW","6","channel","1258764452","DRIP (CTO) Community TakeOver","909","True","True","False","",""
"LOW","6","channel","1220789766","Binance Killers®","456","False","True","False","binance",""
"LOW","6","channel","2007141958","Notcoin Community","411","False","True","False","notcoin",""
"LOW","5","channel","1859296534","התפריט🍔של דוקטור גרין👨‍⚕️💝","707","False","True","False","",""
"LOW","5","channel","1406874285","🍔תפריט • הפרחים של בילבי 👩🏻‍🦰","282","False","True","False","",""
"LOW","4","channel","1675362376","אנחנו החדשות","411","True","True","False","",""
"LOW","4","channel","1928225091","דוקטור דרה vip","153","False","True","False","vip",""
"LOW","4","channel","1172953720","Fat Pig Signals","0","False","True","False","signal;signals",""
"LOW","4","user","6675661937","Crypto Signals Trading Pumps","0","False","False","True","signal;signals;pump;pumps",""
"LOW","3","channel","1534570531","Token Tool by Bitbond","142","False","True","False","",""
"LOW","3","channel","2182038284","Kobra(KODA)","131","False","True","False","",""
"LOW","3","channel","2685589961","ערביט - מילה ביום","92","False","True","False","",""
"LOW","3","channel","1116368038","Menu Builder - News","86","False","True","False","",""
"LOW","3","channel","1624773544","Wallet News","60","False","True","False","",""
"LOW","3","channel","1773961455","Crypto Pump fun","1","False","True","False","pump",""
"MIN","2","user","6048498596","BybitPro Bot","169","False","False","True","bybit",""
"MIN","2","channel","1415250467","ילקוט השבעתי אתכם","58","True","True","False","",""
"MIN","2","channel","1233043722","Toncoin","44","False","True","False","",""
"MIN","2","channel","1698117260","EnerVybez","31","False","True","False","",""
"MIN","2","channel","1992580367","Octobits Trading Channel","16","False","True","False","",""
"MIN","2","channel","1834303412","Chat GPT 5","15","False","True","False","",""
"MIN","2","channel","1638879488","Wall Street Gems","14","False","True","False","",""
"MIN","2","channel","1535877716","AlgoBot - Free AI Trading","13","False","True","False","",""
"MIN","2","channel","1617334141","CRYPTO GEM FINDER","7","False","True","False","",""
"MIN","2","channel","1722262838","Floor796","5","False","True","False","",""
"MIN","2","channel","1798673537","Telegram Premium","3","False","True","False","",""
"MIN","2","channel","1892377497","God bless you","2","False","True","False","",""
"MIN","2","channel","1919022043","תפריט 🎤- שלמה ארצי 🇺🇸","1","False","True","False","",""
"MIN","2","channel","1669790007","להזמנות שטרות","1","False","True","False","",""
"MIN","2","channel","1790212766","קבועים מר פינק❤️‍🔥❄️","1","False","True","False","",""
"MIN","2","channel","1705828894","קידום עסקים","0","False","True","False","",""
"MIN","2","channel","1144001068","פטריות | Mushrooms","0","False","True","False","",""
"MIN","2","channel","1156024132","הכרויות","0","False","True","False","",""
"MIN","2","channel","3101043423","SLH.EchoSystem.israel","0","False","True","False","",""
"MIN","2","channel","3215303764","0","0","False","True","False","",""
"MIN","2","channel","2177949578","אוהל אוסיף השקעות","0","False","True","False","",""
"MIN","2","channel","1294206097","כיוונים חיפה","0","False","True","False","",""
"MIN","2","channel","1438277331","מדריכים ומימונים הסברים","0","False","True","False","",""
"MIN","2","channel","1287293848","Night girls™️ ➖ צפון","0","False","True","False","",""
"MIN","2","channel","3085498534","סלה ללא גבולות","0","False","True","False","",""
"MIN","2","channel","1189343132","אילת-תל אביב והמרכז טלגראס כיוונים","0","False","True","False","",""
"MIN","2","channel","2130102256","בית מרקחת וריפוי הוליסטי לחברי סלה ללא גבולות","0","False","True","False","",""
"MIN","2","channel","1182046650","'רשת התקווה' 💞 בטלגרם","0","False","True","False","",""
"MIN","2","channel","2096690428","Chat ID","0","False","True","False","",""
"MIN","2","channel","2324510206","הנערות השוות ❤️","0","False","True","False","",""
"MIN","2","channel","1167944850","אקסטות פסיכודליה פטריות","0","False","True","False","",""
"MIN","2","channel","1444477862","נשר כיוונים טלגראס","0","False","True","False","",""
"MIN","2","channel","2500238413","פלטפורמת Baby girls המובילה בעולם","0","False","True","False","",""
"MIN","2","channel","1478884804","שערי הגאולה","0","False","True","False","",""
"MIN","1","channel","3635064173","ילקוט השבעתי אתכם","41","True","True","False","",""
"MIN","1","channel","2031788734","outhematrix community","18","True","True","False","",""
"MIN","1","channel","1363395700","ישראל מתעוררת - דיונים","16","True","True","False","",""
"MIN","1","user","5305315428","BinanceMaster | Crypto Bot","11","False","False","True","binance",""
"MIN","1","channel","1284281605","שבטיה דיונים","10","True","True","False","",""
"MIN","1","user","6957782313","Bybit TradeGPT","7","False","False","True","bybit",""
"MIN","1","chat","606079998","תנועת אחדות - התנועה לביזור הכנסת","3","True","False","False","",""
"MIN","1","channel","1704984226","נופש צימרים | וילות | מתחמי נופש","3","True","True","False","",""
"MIN","1","channel","2221796940","סיגנלים ואיתותי קריפטו","2","True","True","False","",""
"MIN","1","channel","1653109904","יוסי וחברים","2","True","True","False","",""
"MIN","1","user","6186257981","Crypto Futures | Marco Hunter 🤖","2","False","False","True","futures",""
"MIN","1","chat","797434437","הפורום לקידום תיירות מקיימת בלב גליל","2","True","False","False","",""
"MIN","1","channel","1593116258","🌈קהילת ''סלה ללא גבולות"" 🌸","2","True","True","False","",""
"MIN","1","chat","408052031","מתחילים את הדוקו 😉","1","True","False","False","",""
"MIN","1","user","7199392942","Sarah Goldberg רוב","1","False","False","True","gold",""
"MIN","1","channel","1790547267","מורים הורים ליסודי הרצליה","0","True","True","False","",""
"MIN","1","chat","536920867","מורים הורים ליסודי טבעון","0","True","False","False","",""
"MIN","1","chat","600026261","תלמידי תיכון טבעון","0","True","False","False","",""
"MIN","1","chat","753078882","🌺קהילת עולם חדש","0","True","False","False","",""
"MIN","1","channel","1501772616","תלמידי תיכון טבעון","0","True","True","False","",""
"MIN","1","chat","542949254","תלמידי חטיה""ב הרצליה","0","True","False","False","",""
"MIN","1","channel","1680432761","תלמידי חטיה""ב הרצליה","0","True","True","False","",""
"MIN","1","chat","619180530","מורים הורים לפעוטות הרצליה","0","True","False","False","",""
"MIN","1","chat","799319305","מורים הורים ליסודי הרצליה","0","True","False","False","",""
"MIN","1","chat","760898107","כנס במטע סמר 17-20.11.2021","0","True","False","False","",""
"MIN","1","channel","1533417847","מורים הורים ליסודי תל אביב","0","True","True","False","",""
"MIN","1","channel","1767921796","מורים הורים לחטיה""ב ירושלים","0","True","True","False","",""
"MIN","1","channel","1686699630","מורים הורים לפעוטות הרצליה","0","True","True","False","",""
"MIN","1","channel","1687196288","מורים הורים לתיכון שרון ושפלה","0","True","True","False","",""
"MIN","1","chat","679933966","תלמידי תיכון הרצליה","0","True","False","False","",""
"MIN","1","chat","492886115","שבט מגשימי החלומות 😏👌😋","0","True","False","False","",""
"MIN","1","channel","1631252921","תלמידי יסודי הרצליה","0","True","True","False","",""
"MIN","1","chat","665465307","תלמידי יסודי הרצליה","0","True","False","False","",""
"MIN","1","channel","1679090676","תלמידי תיכון הרצליה","0","True","True","False","",""
"MIN","1","chat","895607449","החנות של אוסיף","0","True","False","False","",""
"MIN","1","chat","487103742","10-300 ₪ *.* בולדוג *.*","0","True","False","False","",""
"MIN","1","channel","1720994934","זירת המסחר בSLH","0","True","True","False","",""
"MIN","1","channel","1521930137","גלריה סלה 🌼 SeLaH Gallery","0","True","True","False","",""
"MIN","1","chat","782640631","גלריה סלה 🌼 SeLaH Gallery","0","True","False","False","",""
"MIN","1","chat","845601554","גלריית NFT הבנק הבנוני הראשון","0","True","False","False","",""
"MIN","1","chat","4560862763","סיגנלים ואיתותי קריפטו","0","True","False","False","",""
"MIN","1","user","5696708521","Profit CryptoTrades Bot 🤖","0","False","False","True","profit",""
"MIN","1","user","6021705659","AI-TRADE BOT | Crypto Futures","0","False","False","True","futures",""
"MIN","1","user","6583452530","Notcoin","0","False","False","True","notcoin",""
"MIN","1","chat","4087478826","בית רפואה - סלה ללא גבולות","0","True","False","False","",""
"MIN","1","chat","683196475","🕊 משפט שלום","0","True","False","False","",""
"MIN","1","channel","1646595281","🥰B here 2 Change The System🌈","0","True","True","False","",""
"MIN","1","chat","689026727","🛺🏎🚜🚛🛴🚙 טרמפים לטקס הדלקת אש העולם החדש","0","True","False","False","",""
"MIN","1","channel","1729892587","🌺קהילת עולם חדש","0","True","True","False","",""
"MIN","1","channel","1547692165","🍀 ️❗️PerfectGreen Menu - תפריט ❗️ ☘️","0","True","True","False","",""
"MIN","1","channel","1151913572","שער גאולה בת חפר","0","True","True","False","",""
"MIN","1","chat","745409592","🌈קהילת ''סלה ללא גבולות"" 🌸","0","True","False","False","",""
"MIN","1","chat","911482701","סופר SLH סניף מרכז","0","True","False","False","",""
"MIN","1","channel","1794604091","סווול","0","True","True","False","",""
"MIN","1","chat","649375056","מחאת הדיור 2022 עדכונים","0","True","False","False","",""
"MIN","1","chat","714523730","קהילת שפע וכלכלה","0","True","False","False","",""
"MIN","1","channel","1600741816","תלמידי יסודי קריות","0","True","True","False","",""
"MIN","1","channel","1690248039","תלמידי חטיה""ב קריות","0","True","True","False","",""
"MIN","1","channel","1616274839","ידע לבוגרים קריות","0","True","True","False","",""
"MIN","1","channel","1690120411","מורים הורים חטיה""ב נהריה","0","True","True","False","",""
"MIN","1","channel","1728806874","מורים הורים לפעוטות נהריה","0","True","True","False","",""
"MIN","1","chat","646140149","הורים בעכו 3-7","0","True","False","False","",""
"MIN","1","chat","762717372","הורים בקריות בעכו 0-3","0","True","False","False","",""
"MIN","1","chat","723764639","הורים בעכו 6-12","0","True","False","False","",""
"MIN","1","channel","1404588871","שער גאולה בת חפר","0","True","True","False","",""
"MIN","1","chat","639563119","הורים בגליל 12-18","0","True","False","False","",""
"MIN","1","channel","1536295258","תלמידי יסודי בירושלים","0","True","True","False","",""
"MIN","1","chat","708509728","תלמידי חטיה""ב בירושלים","0","True","False","False","",""
"MIN","1","channel","1540225475","תלמידי חטיה""ב בירושלים","0","True","True","False","",""
"MIN","1","channel","1730325352","תלמידי חטיה""ב בירושלים","0","True","True","False","",""
"MIN","1","channel","1541928998","תלמידי תיכון בירושלים","0","True","True","False","",""
"MIN","1","channel","1660369819","חנות תרופות וטיפול קהילת ''סלה ללא גבולות''","0","True","True","False","",""
"MIN","1","channel","1566799336","מורים הורים לפעוטות בירושלים","0","True","True","False","",""
"MIN","1","channel","1713200118","מורים הורים יסודי עכו","0","True","True","False","",""
"MIN","1","channel","1762928431","מורים הורים פעוטות עכו","0","True","True","False","",""
"MIN","1","channel","1561622593","מורים הורים תיכון עכו","0","True","True","False","",""
"MIN","1","channel","1563210241","קופת הרפואה הבינונית","0","True","True","False","",""
"MIN","1","channel","1507490710","חללי למידה לתלמידים חכמים","0","True","True","False","",""
"MIN","1","chat","746015636","קהילת מרחבי למידה קריות","0","True","False","False","",""
"MIN","1","channel","1771779662","ביקורת","0","True","True","False","",""
"MIN","1","channel","1523351431","קהילת מרחבי למידה נהריה","0","True","True","False","",""
"MIN","1","channel","1496621456","שערי הגאולה","0","True","True","False","",""
"MIN","1","chat","407304017","שערי הגאולה","0","True","False","False","",""
"MIN","1","chat","311614902","שער גאולה בת חפר","0","True","False","False","",""
"MIN","1","chat","565498500","ניסיון","0","True","False","False","",""
"MIN","1","chat","474575351","יוצרים גן עדן עלי אדמות","0","True","False","False","",""
"MIN","1","chat","736861085","קהילת מורים נהריה","0","True","False","False","",""
"MIN","1","chat","659300802","קהילת מורים בגלבוע","0","True","False","False","",""
"MIN","1","chat","711366422","קהילת מורים מודיעין","0","True","False","False","",""
"MIN","1","channel","1552764509","השכרת רכבים בסלה","0","True","True","False","",""
"MIN","1","chat","761853305","הורים בקריות 6-12","0","True","False","False","",""
"MIN","1","chat","789765130","קהילת מורים חיפה","0","True","False","False","",""
"MIN","1","chat","751236629","קהילת מורים קריות","0","True","False","False","",""
"MIN","1","chat","688652487","קהילת מורים באר שבע","0","True","False","False","",""
"MIN","1","chat","661270181","קהילת מרחבי למידה עכו","0","True","False","False","",""
"MIN","1","chat","708958014","קהילת מרחבי למידה אשקלון","0","True","False","False","",""
"MIN","1","channel","1222070760","תכני לימוד לבוגרים עפולה","0","True","True","False","",""
"MIN","1","channel","1746658122","תלמידי תיכון בעפולה","0","True","True","False","",""
"MIN","1","channel","1330429697","תלמידי חטיה""ב בעפולה","0","True","True","False","",""
"MIN","1","channel","1713250746","מורים הורים לפעוטות חדרה","0","True","True","False","",""
"MIN","1","channel","1690231554","תכני לימוד לבוגרים חדרה","0","True","True","False","",""
"MIN","1","channel","1575572797","הורים מורים יסודי חדרה","0","True","True","False","",""
"MIN","1","channel","1746017032","תלמידי חטיה""ב חבל אילות","0","True","True","False","",""
"MIN","1","channel","1594913882","תלמידי יסודי חבל אילות","0","True","True","False","",""
"MIN","1","channel","1659960574","הורים מורים לפעוטות בקריות","0","True","True","False","",""
"MIN","1","channel","1628536922","תלמידי יסודי עפולה","0","True","True","False","",""
"MIN","1","channel","1550989509","הורים מורים חטיה""ב בקריות","0","True","True","False","",""
"MIN","1","channel","1753260713","מורים הורים לחטיה""ב ב""ש","0","True","True","False","",""
"MIN","1","channel","1675334014","תלמידי תיכון פרדס חנה","0","True","True","False","",""
"MIN","1","channel","1624833150","תכני לימוד לבוגרים ב""ש","0","True","True","False","",""
"MIN","1","channel","1735384477","מורים הורים ליסודי פרדס חנה","0","True","True","False","",""
"MIN","1","channel","1744635925","תלמידי יסודי חיפה","0","True","True","False","",""
"MIN","1","channel","1171884954","תלמידי חטיה""ב חדרה","0","True","True","False","",""
"MIN","1","channel","1663015991","תלמידי יסודי חדרה","0","True","True","False","",""
"MIN","1","channel","1705592510","תכני לימוד לבוגרים פרדס חנה","0","True","True","False","",""
"MIN","1","channel","1620965430","תלמידי חטיה""ב פרדס חנה","0","True","True","False","",""
"MIN","1","channel","1350412603","תלמידי יסודי פרדס חנה","0","True","True","False","",""
"MIN","1","channel","1690611421","תלמידי תיכון תל אביב","0","True","True","False","",""
"MIN","1","channel","1724020175","תלמידי יסודי תל אביב","0","True","True","False","",""
"MIN","1","channel","1503073164","תכני לימוד לבוגרים תל אביב","0","True","True","False","",""
"MIN","1","channel","1663649338","תלמידי חטי""ב חיפה","0","True","True","False","",""
"MIN","1","channel","1785214336","מורים הורים לחטי""ב חיפה","0","True","True","False","",""
"MIN","1","channel","1625620141","תלמידי יסודי שרון והשפלה","0","True","True","False","",""
"MIN","1","channel","1609409707","תכני לימוד לבוגרים שרון והשפלה","0","True","True","False","",""
"MIN","1","channel","1767569929","תלמידי חטיה""ב שרון והשפלה","0","True","True","False","",""
"MIN","1","channel","1649457975","מורים הורים תיכון תל אביב","0","True","True","False","",""
"MIN","1","channel","1639155671","תלמידי תיכון שרון והשפלה","0","True","True","False","",""
"MIN","1","channel","1700442139","מורים הורים לחטיה""ב בעפולה","0","True","True","False","",""
"MIN","1","channel","1533267993","מורים הורים לתיכון בעפולה","0","True","True","False","",""
"MIN","1","channel","1661845193","2","0","True","True","False","",""
"MIN","1","channel","1726056419","תלמידי תיכון חבל אילות","0","True","True","False","",""
"MIN","1","channel","1602428236","תלמידי חטיה""ב תל אביב","0","True","True","False","",""
"MIN","1","channel","1741665970","ידע לבוגרים חיפה","0","True","True","False","",""
"MIN","1","channel","1659096436","תלמידי תיכון חיפה","0","True","True","False","",""
"MIN","1","channel","1702576021","קהילת מורים הורים לפעוטות חבל אילות","0","True","True","False","",""
"MIN","1","channel","1705502776","קהילת מורים הורים ליסודי חבל אילות","0","True","True","False","",""
"MIN","1","channel","1750776132","קהילת מורים הורים לתיכון חבל אילות","0","True","True","False","",""
"MIN","1","channel","1546245930","תנועת אחדות - אקטיביסטים","0","True","True","False","",""
"MIN","1","channel","1748720858","תנועת אחדות תמיכה","0","True","True","False","",""
"MIN","1","channel","3488577626","השקעות","0","True","True","False","",""
"MIN","1","user","2118509116","@idosilverstein עידו עמיחי אברהם Ido Amichai Abraham","0","False","False","True","ido",""
"MIN","1","channel","1727607197","PLAYER NO 1","0","True","True","False","",""
"MIN","1","channel","1691232917","תנועת אחדות","0","True","True","False","",""
"MIN","1","channel","1715002863","LOG_TRANSACTIONS_CHAT","0","True","True","False","",""
"MIN","1","chat","5093005461","אוסיף צביקה אלי","0","True","False","False","",""
"MIN","1","channel","1561497802","מורים הורים לתיכון חיפה","0","True","True","False","",""
"MIN","1","channel","1748319682","לוגים ורישום","0","True","True","False","",""
"MIN","1","channel","1680301693","מוניטור","0","True","True","False","",""
"MIN","1","channel","1573674334","SLH -האקדמיה להשכלה גבוהה","0","True","True","False","",""
"MIN","1","channel","1660760786","בדיקות 3","0","True","True","False","",""
"MIN","1","channel","1179910364","שרותי פרנסה עתידיים (כלכלה בלשון עבר) שנאמר : ""אך טוב וחסד יירדפוני כל ימי חיי""","0","True","True","False","",""
"MIN","1","channel","1586409387","חינוך","0","True","True","False","",""
"MIN","1","channel","1651506661","תמיכה טכנית","0","True","True","False","",""
"MIN","1","channel","1529835062","בדיקות סופיות","0","True","True","False","",""
"MIN","1","channel","1637210555","תנועת אחדות - מומחים","0","True","True","False","",""
"MIN","1","channel","2109377903","תנועת אחדות","0","True","True","False","",""
"MIN","1","channel","1556954998","חברי פרימיום TON וסלה","0","True","True","False","",""
"MIN","1","channel","1640307734","מטלות","0","True","True","False","",""
"MIN","1","channel","1699922921","תשלומים","0","True","True","False","",""
"MIN","1","channel","1511637666","בדיקות פנימיות.","0","True","True","False","",""
"MIN","1","channel","1769799652","משחק NFT","0","True","True","False","",""
"MIN","1","channel","1696741593","NIFTI","0","True","True","False","",""
"MIN","1","chat","5068474479","קבוצה לבדיקות","0","True","False","False","",""
"MIN","1","chat","977460917","חנות SLH - זירת מסחר אזור השרון","0","True","False","False","",""
"MIN","1","channel","2981609404","בורסת SLH - העתיד הכלכלי שלכם","0","True","True","False","",""
"MIN","1","chat","436237155","קבוצה חדשה ללא ID","0","True","False","False","",""
"MIN","0","user","7738976827","𝐓𝐎𝐍 𝐱 𝐍𝐎𝐓 𝐒𝐏𝐈𝐍𝐒","37","False","False","True","",""
"MIN","0","user","2130926262","(no title)","21","False","False","True","",""
"MIN","0","user","5706115093","(no title)","14","False","False","True","",""
"MIN","0","user","5938007183","דוקטור גרין(המקורי)🌷❤️","14","False","False","True","",""
"MIN","0","user","1312214920","(no title)","12","False","False","True","",""
"MIN","0","user","6167626994","PlayDeck","11","False","False","True","",""
"MIN","0","user","7843220612","Michael 😎","8","False","False","True","",""
"MIN","0","user","6916090385","HoldCoin","6","False","False","True","",""
"MIN","0","user","5839253260","Maya","6","False","False","True","",""
"MIN","0","user","7249432100","Not Pixel","4","False","False","True","",""
"MIN","0","user","7798788251","Chriztian","2","False","False","True","",""
"MIN","0","user","7440437426","(no title)","2","False","False","True","",""
"MIN","0","user","6218783903","GigaChat","2","False","False","True","",""
"MIN","0","user","5386896560","TonMobile eSIM","2","False","False","True","",""
"MIN","0","user","6634116446","(no title)","2","False","False","True","",""
"MIN","0","user","7045682850","(no title)","2","False","False","True","",""
"MIN","0","user","6480626477","אורלי","1","False","False","True","",""
"MIN","0","user","6988040445","מדריכים","1","False","False","True","",""
"MIN","0","user","6579898594","אמננככב","1","False","False","True","",""
"MIN","0","user","6898831211","אושרית","1","False","False","True","",""
"MIN","0","user","6762480373","אור קמינסקי","1","False","False","True","",""
"MIN","0","user","6803504047","(no title)","1","False","False","True","",""
"MIN","0","user","6640368633","(no title)","1","False","False","True","",""
"MIN","0","user","6649123954","מריאלה","1","False","False","True","",""
"MIN","0","user","6845698184","(no title)","1","False","False","True","",""
"MIN","0","user","6976504437","אבנר המלך 👑","1","False","False","True","",""
"MIN","0","user","6614047205","(no title)","1","False","False","True","",""
"MIN","0","user","6744887965","חגית איליי","1","False","False","True","",""
"MIN","0","user","6852572286","(no title)","1","False","False","True","",""
"MIN","0","user","6878126429","אבי 🙏","1","False","False","True","",""
"MIN","0","user","6059239587","כרמלה","1","False","False","True","",""
"MIN","0","user","7991751339","יזהר 🦋","1","False","False","True","",""
"MIN","0","user","6040058888","(no title)","1","False","False","True","",""
"MIN","0","user","6925711224","נחמן אמסלם אולגה שכן","1","False","False","True","",""
"MIN","0","user","6240800493","יוליה","1","False","False","True","",""
"MIN","0","user","6388874065","(no title)","1","False","False","True","",""
"MIN","0","user","6616391054","עמית קאי","1","False","False","True","",""
"MIN","0","user","5821059610","(no title)","1","False","False","True","",""
"MIN","0","user","6871045169","(no title)","1","False","False","True","",""
"MIN","0","user","6765002754","לילוש","1","False","False","True","",""
"MIN","0","user","6705195104","פרדי בית ברל בית ברל","1","False","False","True","",""
"MIN","0","user","6653044828","(no title)","1","False","False","True","",""
"MIN","0","user","6909124313","נעם","1","False","False","True","",""
"MIN","0","user","6332323773","אודי","1","False","False","True","",""
"MIN","0","user","6754974033","בן","1","False","False","True","",""
"MIN","0","user","6756382034","ואלי","1","False","False","True","",""
"MIN","0","user","6876465711","עידו","1","False","False","True","",""
"MIN","0","user","6547072737","צחי שמי","1","False","False","True","",""
"MIN","0","user","6880203399","(no title)","1","False","False","True","",""
"MIN","0","user","6979821985","חנה","1","False","False","True","",""
"MIN","0","user","6646223507","מיטל הפגנה","1","False","False","True","",""
"MIN","0","user","6960141555","(no title)","1","False","False","True","",""
"MIN","0","user","6701371619","(no title)","1","False","False","True","",""
"MIN","0","user","6466974138","בר-אוריין צ'וק","1","False","False","True","",""
"MIN","0","user","6934221749","איריס מזש''א","1","False","False","True","",""
"MIN","0","user","6505345853","טל 🦋","1","False","False","True","",""
"MIN","0","user","6548253659","בי''ס א4","1","False","False","True","",""
"MIN","0","user","6962312998","אלון","1","False","False","True","",""
"MIN","0","user","6898946458","ענבל","1","False","False","True","",""
"MIN","0","user","6424451879","(no title)","1","False","False","True","",""
"MIN","0","user","6756800214","אמונה","1","False","False","True","",""
"MIN","0","user","6495870370","בנימין ספר","1","False","False","True","",""
"MIN","0","user","6458542766","מירב","1","False","False","True","",""
"MIN","0","user","6984501168","עורך דין","1","False","False","True","",""
"MIN","0","user","6834623908","מאיה זברה","1","False","False","True","",""
"MIN","0","user","6709899267","איתי סהר","1","False","False","True","",""
"MIN","0","user","6736646008","רועי","1","False","False","True","",""
"MIN","0","user","6960452701","אנה","1","False","False","True","",""
"MIN","0","user","6840066447","(no title)","1","False","False","True","",""
"MIN","0","user","6513894113","קובי פייבסקי","1","False","False","True","",""
"MIN","0","user","6848508430","(no title)","1","False","False","True","",""
"MIN","0","user","6865702430","ארז","1","False","False","True","",""
"MIN","0","user","6603159463","(no title)","1","False","False","True","",""
"MIN","0","user","6887227211","אבו","1","False","False","True","",""
"MIN","0","user","6255029568","(no title)","1","False","False","True","",""
"MIN","0","user","6742282774","(no title)","1","False","False","True","",""
"MIN","0","user","6920535781","איגור 🌈💖🌊🚀♾️","1","False","False","True","",""
"MIN","0","user","6790431510","לוי 0:","1","False","False","True","",""
"MIN","0","user","6343254729","רבקה 🏩","1","False","False","True","",""
"MIN","0","user","6500763443","אבי 🪬","1","False","False","True","",""
"MIN","0","user","6809693450","(no title)","1","False","False","True","",""
"MIN","0","user","5803012556","יוני","1","False","False","True","",""
"MIN","0","user","6798014442","נחום","1","False","False","True","",""
"MIN","0","user","5688555295","מיה 🦋","1","False","False","True","",""
"MIN","0","user","6826402238","תלמיד רון","1","False","False","True","",""
"MIN","0","user","6449538824","הללי","1","False","False","True","",""
"MIN","0","user","6490553339","(no title)","1","False","False","True","",""
"MIN","0","user","6594622823","נדיה","1","False","False","True","",""
"MIN","0","user","6589968651","אלה פינת ישיבה","1","False","False","True","",""
"MIN","0","user","6361319650","ג'בר 🌸","1","False","False","True","",""
"MIN","0","user","6416602176","רינת","1","False","False","True","",""
"MIN","0","user","8294190194","آصف אסיף 🌈","1","False","False","True","",""
"MIN","0","user","8502713580","קשתים","1","False","False","True","",""
"MIN","0","user","6447004170","אלון אברון","1","False","False","True","",""
"MIN","0","user","1985737506","Wallet","1","False","False","True","",""
"MIN","0","user","6443518338","מתן","1","False","False","True","",""
"MIN","0","user","6660682162","לימור","1","False","False","True","",""
"MIN","0","user","6397965294","שי","1","False","False","True","",""
"MIN","0","user","6673721696","(no title)","1","False","False","True","",""
"MIN","0","user","6697047264","אתי","1","False","False","True","",""
"MIN","0","user","6275209243","(no title)","1","False","False","True","",""
"MIN","0","user","6540266217","ארנון","1","False","False","True","",""
"MIN","0","user","6582387550","ראלף","1","False","False","True","",""
"MIN","0","user","6412646252","יוספה","1","False","False","True","",""
"MIN","0","user","6262215521","נדב","1","False","False","True","",""
"MIN","0","user","8582475174","חייב\nלי\nכסף","1","False","False","True","",""
"MIN","0","user","8080272057","עידן על","1","False","False","True","",""
"MIN","0","user","8250202356","ליזה","1","False","False","True","",""
"MIN","0","user","8549898698","ברוך","1","False","False","True","",""
"MIN","0","user","8340027057","דקלה","1","False","False","True","",""
"MIN","0","user","8401056057","רפת","1","False","False","True","",""
"MIN","0","user","8228124493","סרי","1","False","False","True","",""
"MIN","0","user","8275538195","מירי","1","False","False","True","",""
"MIN","0","user","7607541734","Ava","1","False","False","True","",""
"MIN","0","user","8351895620","דניאל מימון","1","False","False","True","",""
"MIN","0","user","8585813816","קוקו","1","False","False","True","",""
"MIN","0","user","8019182114","משה","1","False","False","True","",""
"MIN","0","user","8550795348","משה","1","False","False","True","",""
"MIN","0","user","1273773529","Zehavit","1","False","False","True","",""
"MIN","0","user","8593359055","מרינה","1","False","False","True","",""
"MIN","0","user","5127984636","TON Dating","1","False","False","True","",""
"MIN","0","user","7835084274","ماحمود","1","False","False","True","",""
"MIN","0","user","8272474292","לא יודע מי זה","1","False","False","True","",""
"MIN","0","user","7674964804","(no title)","1","False","False","True","",""
"MIN","0","user","6545593661","יניב יותם","1","False","False","True","",""
"MIN","0","user","6313894097","(no title)","1","False","False","True","",""
"MIN","0","user","6560017354","יפתח פסיכולוג","1","False","False","True","",""
"MIN","0","user","6451851017","(no title)","1","False","False","True","",""
"MIN","0","user","6618703368","(no title)","1","False","False","True","",""
"MIN","0","user","5890123667","אילן ביאלוס","1","False","False","True","",""
"MIN","0","user","6626559115","אבי","1","False","False","True","",""
"MIN","0","user","6367542522","(no title)","1","False","False","True","",""
"MIN","0","user","6596517079","סיף","1","False","False","True","",""
"MIN","0","user","8252413472","פאדי שכן","1","False","False","True","",""
"MIN","0","user","6659916976","נתנאל-","1","False","False","True","",""
"MIN","0","user","6442194978","ניתאי","1","False","False","True","",""
"MIN","0","user","6520207313","שי רונן","1","False","False","True","",""
"MIN","0","user","6622989280","(no title)","1","False","False","True","",""
"MIN","0","user","6562323408","חגי","1","False","False","True","",""
"MIN","0","user","6561491535","(no title)","1","False","False","True","",""
"MIN","0","user","6247975093","חזי","1","False","False","True","",""
"MIN","0","user","8153616831","צוף","1","False","False","True","",""
"MIN","0","user","6557184074","נס 💢","1","False","False","True","",""
"MIN","0","user","6468337085","צליל","1","False","False","True","",""
"MIN","0","user","6444433287","איתמר פייסבו","1","False","False","True","",""
"MIN","0","user","6336229615","ירוקת","1","False","False","True","",""
"MIN","0","user","5734657187","ליבו","1","False","False","True","",""
"MIN","0","user","6279021239","ענת רובס סמר","1","False","False","True","",""
"MIN","0","user","6681688364","חמי","1","False","False","True","",""
"MIN","0","user","6414427377","דניאל","1","False","False","True","",""
"MIN","0","user","6694368206","שלומי","1","False","False","True","",""
"MIN","0","user","6343507447","(no title)","1","False","False","True","",""
"MIN","0","user","6007746665","רועי","1","False","False","True","",""
"MIN","0","user","6647098063","רן","1","False","False","True","",""
"MIN","0","user","6362620063","אמיר","1","False","False","True","",""
"MIN","0","user","6385169438","סופה","1","False","False","True","",""
"MIN","0","user","6682354795","זיו","1","False","False","True","",""
"MIN","0","user","6676843430","הופעה","1","False","False","True","",""
"MIN","0","user","6657527310","יוהן","1","False","False","True","",""
"MIN","0","user","6448362563","שפרה","1","False","False","True","",""
"MIN","0","user","6391277981","(no title)","1","False","False","True","",""
"MIN","0","user","620324913","מרדכי","1","False","False","True","",""
"MIN","0","user","6504160239","(no title)","1","False","False","True","",""
"MIN","0","user","7688585307","צחי","1","False","False","True","",""
"MIN","0","user","7629079851","אתי","1","False","False","True","",""
"MIN","0","user","7271606374","גרר","1","False","False","True","",""
"MIN","0","user","7737991607","מיקי","1","False","False","True","",""
"MIN","0","user","7742998547","(no title)","1","False","False","True","",""
"MIN","0","user","7862020294","יעל","1","False","False","True","",""
"MIN","0","user","7674823293","ליאור","1","False","False","True","",""
"MIN","0","user","7932065553","פיטר","1","False","False","True","",""
"MIN","0","user","7886994974","(no title)","1","False","False","True","",""
"MIN","0","user","7961842850","אלה אבא","1","False","False","True","",""
"MIN","0","user","7659676267","מעיין סוויס 🌈","1","False","False","True","",""
"MIN","0","user","7759298370","נעם הרבי","1","False","False","True","",""
"MIN","0","user","7140695621","זהבית","1","False","False","True","",""
"MIN","0","user","7890303934","בי''ס","1","False","False","True","",""
"MIN","0","user","7675191450","ראוף","1","False","False","True","",""
"MIN","0","user","8102965490","בי""ס א3","1","False","False","True","",""
"MIN","0","user","7956086947","שוש\nכסאות","1","False","False","True","",""
"MIN","0","user","7572990069","רונה","1","False","False","True","",""
"MIN","0","user","7287076299","דג 🐠","1","False","False","True","",""
"MIN","0","user","7715552923","לא יודע מי זה","1","False","False","True","",""
"MIN","0","user","7641913648","מַזָּל טוֹב נִצַּחְתִּי וַאֲנַצֵּחַ","1","False","False","True","",""
"MIN","0","user","7669246228","סאלי 🔮","1","False","False","True","",""
"MIN","0","user","7506187561","סקס","1","False","False","True","",""
"MIN","0","user","7216662741","רון","1","False","False","True","",""
"MIN","0","user","7431304474","(no title)","1","False","False","True","",""
"MIN","0","user","7983573320","(no title)","1","False","False","True","",""
"MIN","0","user","7418951127","(no title)","1","False","False","True","",""
"MIN","0","user","7216241488","(no title)","1","False","False","True","",""
"MIN","0","user","7982132032","אלכס תופים ביט","1","False","False","True","",""
"MIN","0","user","409790239","(no title)","1","False","False","True","",""
"MIN","0","user","7221324716","(no title)","1","False","False","True","",""
"MIN","0","user","7980117292","רויטל","1","False","False","True","",""
"MIN","0","user","7099906947","יונתן","1","False","False","True","",""
"MIN","0","user","8008096382","אופק התימני","1","False","False","True","",""
"MIN","0","user","1352057991","שרית","1","False","False","True","",""
"MIN","0","user","7525837109","דפי נאור קסיו אימון רגשי","1","False","False","True","",""
"MIN","0","user","8110841524","ורד","1","False","False","True","",""
"MIN","0","user","7276870536","34","1","False","False","True","",""
"MIN","0","user","6457601170","יוסי","1","False","False","True","",""
"MIN","0","user","1260404475","התפזורת של פאבלו","1","False","False","True","",""
"MIN","0","user","7516657550","רני","1","False","False","True","",""
"MIN","0","user","1566182791","אליה","1","False","False","True","",""
"MIN","0","user","7628910544","(no title)","1","False","False","True","",""
"MIN","0","user","7437553984","דור","1","False","False","True","",""
"MIN","0","user","7982730102","(no title)","1","False","False","True","",""
"MIN","0","user","8052340415","אורי ביתן","1","False","False","True","",""
"MIN","0","user","7552231129","בוריס","1","False","False","True","",""
"MIN","0","user","8065132424","(no title)","1","False","False","True","",""
"MIN","0","user","7904270402","איילת","1","False","False","True","",""
"MIN","0","user","7425063972","שמוליק נוה","1","False","False","True","",""
"MIN","0","user","7819869245","טל בסיסט","1","False","False","True","",""
"MIN","0","user","7622419889","ניר","1","False","False","True","",""
"MIN","0","user","7986897964","(no title)","1","False","False","True","",""
"MIN","0","user","7915580754","עמרי","1","False","False","True","",""
"MIN","0","user","7697913645","שמוליק","1","False","False","True","",""
"MIN","0","user","7772889289","שרון","1","False","False","True","",""
"MIN","0","user","7942623236","רון שריאר","1","False","False","True","",""
"MIN","0","user","8185446746","דנה","1","False","False","True","",""
"MIN","0","user","7509465709","יהודה פרסי","1","False","False","True","",""
"MIN","0","user","7954942177","(no title)","1","False","False","True","",""
"MIN","0","user","7806247363","אלכס","1","False","False","True","",""
"MIN","0","user","7377173955","איציק","1","False","False","True","",""
"MIN","0","user","8100121572","מירי","1","False","False","True","",""
"MIN","0","user","7716391182","אבי","1","False","False","True","",""
"MIN","0","user","7633850173","עודד","1","False","False","True","",""
"MIN","0","user","7837460479","ארז גרפיטי","1","False","False","True","",""
"MIN","0","user","7448302606","(no title)","1","False","False","True","",""
"MIN","0","user","7018377276","(no title)","1","False","False","True","",""
"MIN","0","user","7725175607","(no title)","1","False","False","True","",""
"MIN","0","user","7726843185","דור","1","False","False","True","",""
"MIN","0","user","8063712200","נעמי","1","False","False","True","",""
"MIN","0","user","7694131974","(no title)","1","False","False","True","",""
"MIN","0","user","7926582237","maxx","1","False","False","True","",""
"MIN","0","user","7728157421","שכן של דניס","1","False","False","True","",""
"MIN","0","user","7635393918","רונן","1","False","False","True","",""
"MIN","0","user","7508048718","שי","1","False","False","True","",""
"MIN","0","user","7745098988","(no title)","1","False","False","True","",""
"MIN","0","user","7616446389","נמרוד בסיסט","1","False","False","True","",""
"MIN","0","user","7601289203","(no title)","1","False","False","True","",""
"MIN","0","user","7130697437","Digital Resistance","1","False","False","True","",""
"MIN","0","user","8157188681","עידן ריכטר סאונדמן","1","False","False","True","",""
"MIN","0","user","7880348300","מעיין","1","False","False","True","",""
"MIN","0","user","8101595874","נועם","1","False","False","True","",""
"MIN","0","user","7243923530","פורץ","1","False","False","True","",""
"MIN","0","user","7069842145","(no title)","1","False","False","True","",""
"MIN","0","user","7107349342","(no title)","1","False","False","True","",""
"MIN","0","user","7094667354","בתיה","1","False","False","True","",""
"MIN","0","user","8210849474","ענבל","1","False","False","True","",""
"MIN","0","user","6789821490","(no title)","1","False","False","True","",""
"MIN","0","user","6888024653","איתמר","1","False","False","True","",""
"MIN","0","user","7117120855","רז","1","False","False","True","",""
"MIN","0","user","6955994227","עידן 🖊️","1","False","False","True","",""
"MIN","0","user","6844223761","(no title)","1","False","False","True","",""
"MIN","0","user","6524415898","אילנית דוד","1","False","False","True","",""
"MIN","0","user","6975069172","(no title)","1","False","False","True","",""
"MIN","0","user","7002370094","אדם","1","False","False","True","",""
"MIN","0","user","7497393176","בל","1","False","False","True","",""
"MIN","0","user","7444517223","(no title)","1","False","False","True","",""
"MIN","0","user","6877540242","(no title)","1","False","False","True","",""
"MIN","0","user","7144308752","יונתן","1","False","False","True","",""
"MIN","0","user","6200550520","עודד 🌹🚀👼","1","False","False","True","",""
"MIN","0","user","6862663337","אריאל בד","1","False","False","True","",""
"MIN","0","user","7168909069","(no title)","1","False","False","True","",""
"MIN","0","user","7072795731","רותי","1","False","False","True","",""
"MIN","0","user","6355405824","(no title)","1","False","False","True","",""
"MIN","0","user","7196608939","נגה","1","False","False","True","",""
"MIN","0","user","6325583049","(no title)","1","False","False","True","",""
"MIN","0","user","7046295623","אילנה","1","False","False","True","",""
"MIN","0","user","7006843873","רם","1","False","False","True","",""
"MIN","0","user","8004233647","ג'וני","1","False","False","True","",""
"MIN","0","user","6853083430","סתיו או. רבן","1","False","False","True","",""
"MIN","0","user","7183044683","אחמד שלבי שער פתח תקווה","1","False","False","True","",""
"MIN","0","user","6478410121","(no title)","1","False","False","True","",""
"MIN","0","user","7105863039","טובה גרין לוי","1","False","False","True","",""
"MIN","0","user","7112300613","הילה","1","False","False","True","",""
"MIN","0","user","5157343022","DR.DRE","1","False","False","True","",""
"MIN","0","user","6328678290","קרן","1","False","False","True","",""
"MIN","0","user","6787639017","(no title)","1","False","False","True","",""
"MIN","0","user","7091972732","טלי","1","False","False","True","",""
"MIN","0","user","7186420012","(no title)","1","False","False","True","",""
"MIN","0","user","6878013507","(no title)","1","False","False","True","",""
"MIN","0","user","7132500510","עמיתי","1","False","False","True","",""
"MIN","0","user","6621290884","(no title)","1","False","False","True","",""
"MIN","0","user","7499841978","אסף בית","1","False","False","True","",""
"MIN","0","user","7456719889","אפנן 🌈","1","False","False","True","",""
"MIN","0","user","6646027531","ע","1","False","False","True","",""
"MIN","0","user","6811541931","אתי אסולין","1","False","False","True","",""
"MIN","0","user","6530694939","יואל","1","False","False","True","",""
"MIN","0","user","8093855582","(no title)","1","False","False","True","",""
"MIN","0","user","6900062566","אלינה","1","False","False","True","",""
"MIN","0","user","7447359622","(no title)","1","False","False","True","",""
"MIN","0","user","6742446057","אייל","1","False","False","True","",""
"MIN","0","user","8275734324","חגית אלמוג 😇⚕️","1","False","False","True","",""
"MIN","0","user","7089338369","אדמוליק","1","False","False","True","",""
"MIN","0","user","6904253020","(no title)","1","False","False","True","",""
"MIN","0","user","7515854955","Юра С","1","False","False","True","",""
"MIN","0","user","7509563623","ברק שכן","1","False","False","True","",""
"MIN","0","user","7110526906","אברהם","1","False","False","True","",""
"MIN","0","user","7477764778","לימור ק.","1","False","False","True","",""
"MIN","0","user","6962454549","נינה","1","False","False","True","",""
"MIN","0","user","7393668890","לודמילה","1","False","False","True","",""
"MIN","0","user","7210669386","עומרי","1","False","False","True","",""
"MIN","0","user","5216085479","toncenter.com bot","0","False","False","True","",""
"MIN","0","user","8478252455","NIFTI_Publisher_Bot","0","False","False","True","",""
"MIN","0","user","8298897331","Game_bot","0","False","False","True","",""
"MIN","0","user","1013299994","Testgiver TON Bot","0","False","False","True","",""
"MIN","0","user","8075933581","Campaign","0","False","False","True","",""
"MIN","0","user","7998856873","NIFTII","0","False","False","True","",""
"MIN","0","user","8238076648","My crazy admin panel","0","False","False","True","","admin"
"MIN","0","user","1995080878","(no title)","0","False","False","True","",""
"MIN","0","user","1559501630","Crypto Bot","0","False","False","True","",""
"MIN","0","user","5010371391","צביקה קאופמן (נצר חזני-מושב ליד רחובות)","0","False","False","True","",""
"MIN","0","user","1972072919","(no title)","0","False","False","True","",""
"MIN","0","user","2090854373","דב אוניב","0","False","False","True","",""
"MIN","0","user","2088489313","(no title)","0","False","False","True","",""
"MIN","0","user","1941976111","(no title)","0","False","False","True","",""
"MIN","0","user","2059046015","(no title)","0","False","False","True","",""
"MIN","0","user","2065373645","(no title)","0","False","False","True","",""
"MIN","0","user","5896221213","ChatGPT 5 | Gemini 3 | Nano Banana","0","False","False","True","",""
"MIN","0","user","1938126499","יוני","0","False","False","True","",""
"MIN","0","user","1404460659","(no title)","0","False","False","True","",""
"MIN","0","user","5003601513","(no title)","0","False","False","True","",""
"MIN","0","user","546555011","(no title)","0","False","False","True","",""
"MIN","0","user","8351227223","SLH_Academia","0","False","False","True","",""
"MIN","0","user","1101672226","Liza","0","False","False","True","",""
"MIN","0","user","1995267483","תמר","0","False","False","True","",""
"MIN","0","user","8178904118","(no title)","0","False","False","True","",""
"MIN","0","user","8599706278","(no title)","0","False","False","True","",""
"MIN","0","user","8021353416","(no title)","0","False","False","True","",""
"MIN","0","user","2022427842","שרי מתן","0","False","False","True","",""
"MIN","0","user","1955596358","(no title)","0","False","False","True","",""
"MIN","0","user","2073148367","מאיה 🌱","0","False","False","True","",""
"MIN","0","user","2007278506","(no title)","0","False","False","True","",""
"MIN","0","user","2046562269","Sofia","0","False","False","True","",""
"MIN","0","user","2054089016","עינב","0","False","False","True","",""
"MIN","0","user","1299861955","(no title)","0","False","False","True","",""
"MIN","0","user","2086435162","(no title)","0","False","False","True","",""
"MIN","0","user","2015131366","עידו","0","False","False","True","",""
"MIN","0","user","2031187682","(no title)","0","False","False","True","",""
"MIN","0","user","1942924749","(no title)","0","False","False","True","",""
"MIN","0","user","1406344878","(no title)","0","False","False","True","",""
"MIN","0","user","2011705708","איתי","0","False","False","True","",""
"MIN","0","user","1975850918","(no title)","0","False","False","True","",""
"MIN","0","user","1318060134","(no title)","0","False","False","True","",""
"MIN","0","user","2015586126","(no title)","0","False","False","True","",""
"MIN","0","user","190149641","(no title)","0","False","False","True","",""
"MIN","0","user","2084081397","(no title)","0","False","False","True","",""
"MIN","0","user","2051243024","2Sick Studio","0","False","False","True","",""
"MIN","0","user","2015113849","(no title)","0","False","False","True","",""
"MIN","0","user","2099633934","(no title)","0","False","False","True","",""
"MIN","0","user","8216202784","Bot_Factory","0","False","False","True","",""
"MIN","0","user","1963119265","יואב\nאדלשטיין","0","False","False","True","",""
"MIN","0","user","2007805099","(no title)","0","False","False","True","",""
"MIN","0","user","325254363","דימה בוט","0","False","False","True","",""
"MIN","0","user","1372098862","גילי ווינטר","0","False","False","True","",""
"MIN","0","user","93372553","BotFather","0","False","False","True","",""
"MIN","0","user","8598661664","NFTY Casino","0","False","False","True","",""
"MIN","0","user","1990555132","(no title)","0","False","False","True","",""
"MIN","0","user","2093915171","(no title)","0","False","False","True","",""
"MIN","0","user","2088500132","(no title)","0","False","False","True","",""
"MIN","0","user","8172123240","SLH","0","False","False","True","",""
"MIN","0","user","480545879","רנן","0","False","False","True","",""
"MIN","0","user","1966442466","רחלי","0","False","False","True","",""
"MIN","0","ChatForbidden","709017337","קופת הרפואה הבינונית","0","False","False","False","",""
"MIN","0","user","1766966414","(no title)","0","False","False","True","",""
"MIN","0","user","2002198959","חווה","0","False","False","True","",""
"MIN","0","user","1471001035","(no title)","0","False","False","True","",""
"MIN","0","user","2052037587","(no title)","0","False","False","True","",""
"MIN","0","user","8443986883","кракен","0","False","False","True","",""
"MIN","0","user","1021132410","כרמית","0","False","False","True","",""
"MIN","0","user","1573947114","(no title)","0","False","False","True","",""
"MIN","0","user","2120987153","(no title)","0","False","False","True","",""
"MIN","0","user","7579422877","Testgiver TON Bot (testnet faucet)","0","False","False","True","",""
"MIN","0","user","5073263236","(no title)","0","False","False","True","",""
"MIN","0","user","5054260932","(no title)","0","False","False","True","",""
"MIN","0","user","6390700666","דמיטרי","0","False","False","True","",""
"MIN","0","user","5027933060","(no title)","0","False","False","True","",""
"MIN","0","user","547043436","SampleBot","0","False","False","True","",""
"MIN","0","user","2096018571","🌾","0","False","False","True","",""
"MIN","0","user","8031298603","Марк","0","False","False","True","",""
"MIN","0","user","211246197","Telegram Bot Raw","0","False","False","True","",""
"MIN","0","user","1487676687","קרן","0","False","False","True","",""
"MIN","0","user","1401415059","(no title)","0","False","False","True","",""
"MIN","0","user","406745800","בני","0","False","False","True","",""
"MIN","0","user","5078903933","(no title)","0","False","False","True","",""
"MIN","0","user","1351007935","(no title)","0","False","False","True","",""
"MIN","0","user","2114243992","(no title)","0","False","False","True","",""
"MIN","0","user","2101502572","(no title)","0","False","False","True","",""
"MIN","0","user","2109852776","איתמר","0","False","False","True","",""
"MIN","0","user","6020519437","(no title)","0","False","False","True","",""
"MIN","0","user","2116499742","(no title)","0","False","False","True","",""
"MIN","0","user","725367344","(no title)","0","False","False","True","",""
"MIN","0","user","2108422142","גיא","0","False","False","True","",""
"MIN","0","user","2131394912","(no title)","0","False","False","True","",""
"MIN","0","user","850171938","(no title)","0","False","False","True","",""
"MIN","0","user","1939694457","Robotrik","0","False","False","True","",""
"MIN","0","user","2104756455","בלו 💢","0","False","False","True","",""
"MIN","0","user","1639204043","שי 🌱","0","False","False","True","",""
"MIN","0","user","2125336017","שירה ספה","0","False","False","True","",""
"MIN","0","user","2133733658","(no title)","0","False","False","True","",""
"MIN","0","user","8494062685","Diana","0","False","False","True","",""
"MIN","0","user","1308057229","שרדר","0","False","False","True","",""
"MIN","0","user","2115335375","מזרנים","0","False","False","True","",""
"MIN","0","user","503342253","אוריאל","0","False","False","True","",""
"MIN","0","user","7414488710","כיוון מרכז רמת גן חולון בת ים","0","False","False","True","",""
"MIN","0","user","7332328573","(no title)","0","False","False","True","",""
"MIN","0","user","8092028810","(no title)","0","False","False","True","",""
"MIN","0","user","6549302342","Tonkeeper","0","False","False","True","",""
"MIN","0","user","8476843528","(no title)","0","False","False","True","",""
"MIN","0","user","6511860356","Trojan on Solana","0","False","False","True","",""
"MIN","0","user","8498450341","ברק","0","False","False","True","",""
"MIN","0","user","909623698","L","0","False","False","True","",""
"MIN","0","user","576931067","Control bot","0","False","False","True","",""
"MIN","0","user","1416519010","(no title)","0","False","False","True","",""
"MIN","0","user","1331398907","גל","0","False","False","True","",""
"MIN","0","user","771754438","פיליפ מוריס","0","False","False","True","",""
"MIN","0","user","5041523280","דניאל","0","False","False","True","",""
"MIN","0","user","8225059465","SLH","0","False","False","True","",""
"MIN","0","user","8554485332","SLH","0","False","False","True","",""
"MIN","0","user","5062503193","(no title)","0","False","False","True","",""
"MIN","0","user","8394483424","@MY_NFT_SHOP_bot","0","False","False","True","",""
"MIN","0","user","7644371589","MY_SUPER_ADMIN","0","False","False","True","","admin"
"MIN","0","user","7728721922","Hhhh","0","False","False","True","",""
"MIN","0","user","5034898926","אירנה לאון","0","False","False","True","",""
"MIN","0","user","5573556599","Arad 629","0","False","False","True","",""
"MIN","0","user","8274046661","(no title)","0","False","False","True","",""
"MIN","0","user","429000","Stickers","0","False","False","True","",""
"MIN","0","user","936532256","Miri","0","False","False","True","",""
"MIN","0","user","8516338216","אלחנן\nבי""ס\n","0","False","False","True","",""
"MIN","0","user","1487015766","(no title)","0","False","False","True","",""
"MIN","0","user","1465803274","אוראל\nקונ","0","False","False","True","",""
"MIN","0","user","1437729783","תומר","0","False","False","True","",""
"MIN","0","user","8229198489","טובה","0","False","False","True","",""
"MIN","0","user","394729779","Hulk","0","False","False","True","",""
"MIN","0","user","1185887485","צביקוש","0","False","False","True","",""
"MIN","0","user","8439200632","(no title)","0","False","False","True","",""
"MIN","0","user","8252614196","(no title)","0","False","False","True","",""
"MIN","0","user","8088324234","אליעזר","0","False","False","True","",""
"MIN","0","user","8435910767","(no title)","0","False","False","True","",""
"MIN","0","user","1929049105","יוסף","0","False","False","True","",""
"MIN","0","user","987091845","Mmm","0","False","False","True","",""
"MIN","0","user","1544643391","(no title)","0","False","False","True","",""
"MIN","0","user","1635792061","(no title)","0","False","False","True","",""
"MIN","0","user","1433721223","(no title)","0","False","False","True","",""
"MIN","0","user","1591722439","(no title)","0","False","False","True","",""
"MIN","0","user","1541250428","(no title)","0","False","False","True","",""
"MIN","0","user","1698799999","(no title)","0","False","False","True","",""
"MIN","0","user","1646191571","בוריס למחוק","0","False","False","True","",""
"MIN","0","user","1647422715","(no title)","0","False","False","True","",""
"MIN","0","user","1609349400","(no title)","0","False","False","True","",""
"MIN","0","user","1606702880","(no title)","0","False","False","True","",""
"MIN","0","user","1691985011","(no title)","0","False","False","True","",""
"MIN","0","user","1549735377","(no title)","0","False","False","True","",""
"MIN","0","user","1520036490","(no title)","0","False","False","True","",""
"MIN","0","user","1136856260","THE KING'S","0","False","False","True","",""
"MIN","0","user","1367305648","(no title)","0","False","False","True","",""
"MIN","0","user","1443074390","(no title)","0","False","False","True","",""
"MIN","0","user","1596542409","שאדי","0","False","False","True","",""
"MIN","0","user","1512272171","(no title)","0","False","False","True","",""
"MIN","0","user","7757102350","Osif Ungar","0","False","False","True","",""
"MIN","0","user","1571603208","(no title)","0","False","False","True","",""
"MIN","0","user","1580000082","(no title)","0","False","False","True","",""
"MIN","0","user","1552736834","איתמר בק","0","False","False","True","",""
"MIN","0","user","1713304245","פאבי","0","False","False","True","",""
"MIN","0","user","1760049852","(no title)","0","False","False","True","",""
"MIN","0","user","1735766854","קובי","0","False","False","True","",""
"MIN","0","user","1535519321","(no title)","0","False","False","True","",""
"MIN","0","user","1573207266","(no title)","0","False","False","True","",""
"MIN","0","user","1678392186","(no title)","0","False","False","True","",""
"MIN","0","user","1715346527","(no title)","0","False","False","True","",""
"MIN","0","user","1776854621","(no title)","0","False","False","True","",""
"MIN","0","user","1433987976","חגי ✨","0","False","False","True","",""
"MIN","0","user","1748374355","(no title)","0","False","False","True","",""
"MIN","0","user","1748526129","(no title)","0","False","False","True","",""
"MIN","0","user","1590985180","אנה גל ביט","0","False","False","True","",""
"MIN","0","user","953603606","צביקה Tsvika","0","False","False","True","",""
"MIN","0","user","1642772034","(no title)","0","False","False","True","",""
"MIN","0","user","1606478839","קדימה","0","False","False","True","",""
"MIN","0","user","1608630993","(no title)","0","False","False","True","",""
"MIN","0","user","1541139098","(no title)","0","False","False","True","",""
"MIN","0","user","1601138267","ג'יני","0","False","False","True","",""
"MIN","0","user","1525944536","(no title)","0","False","False","True","",""
"MIN","0","user","1650585001","(no title)","0","False","False","True","",""
"MIN","0","user","1608169397","(no title)","0","False","False","True","",""
"MIN","0","user","1554618212","(no title)","0","False","False","True","",""
"MIN","0","user","1533364586","(no title)","0","False","False","True","",""
"MIN","0","user","1127477049","(no title)","0","False","False","True","",""
"MIN","0","user","1538274452","מראם","0","False","False","True","",""
"MIN","0","user","1445324991","עידן 💢","0","False","False","True","",""
"MIN","0","user","1525016376","מיכל הללי תאטרון חיפה","0","False","False","True","",""
"MIN","0","user","1435803698","(no title)","0","False","False","True","",""
"MIN","0","user","1469685187","(no title)","0","False","False","True","",""
"MIN","0","user","1479652587","(no title)","0","False","False","True","",""
"MIN","0","user","1469853043","(no title)","0","False","False","True","",""
"MIN","0","user","1412233294","(no title)","0","False","False","True","",""
"MIN","0","user","1466346287","הדס בן","0","False","False","True","",""
"MIN","0","user","1464556202","(no title)","0","False","False","True","",""
"MIN","0","user","1560442251","(no title)","0","False","False","True","",""
"MIN","0","user","1525361541","(no title)","0","False","False","True","",""
"MIN","0","user","1595761766","(no title)","0","False","False","True","",""
"MIN","0","user","1578549247","אסף","0","False","False","True","",""
"MIN","0","user","1543238404","מימי","0","False","False","True","",""
"MIN","0","user","1561572401","יצחק","0","False","False","True","",""
"MIN","0","user","1328843792","בני הדרכת אולפן","0","False","False","True","",""
"MIN","0","user","1534328158","חיים","0","False","False","True","",""
"MIN","0","user","1584546853","צחי הגברה","0","False","False","True","",""
"MIN","0","user","1550534333","(no title)","0","False","False","True","",""
"MIN","0","user","1513751062","(no title)","0","False","False","True","",""
"MIN","0","user","1404279802","(no title)","0","False","False","True","",""
"MIN","0","user","1061414806","קנאביס ישראל","0","False","False","True","",""
"MIN","0","user","1125741538","(no title)","0","False","False","True","",""
"MIN","0","user","1580287391","(no title)","0","False","False","True","",""
"MIN","0","user","1446215126","(no title)","0","False","False","True","",""
"MIN","0","user","1302381227","(no title)","0","False","False","True","",""
"MIN","0","user","1463624950","(no title)","0","False","False","True","",""
"MIN","0","user","1461555478","(no title)","0","False","False","True","",""
"MIN","0","user","1468373870","הילה - חג","0","False","False","True","",""
"MIN","0","user","1207414062","(no title)","0","False","False","True","",""
"MIN","0","user","1435290607","יפה","0","False","False","True","",""
"MIN","0","user","1442105552","(no title)","0","False","False","True","",""
"MIN","0","user","1476229461","רחל","0","False","False","True","",""
"MIN","0","user","1504415832","שמוליק אבן צור","0","False","False","True","",""
"MIN","0","user","1435044776","(no title)","0","False","False","True","",""
"MIN","0","user","1462369333","ספרטק ✨","0","False","False","True","",""
"MIN","0","user","1534066955","(no title)","0","False","False","True","",""
"MIN","0","user","1354616843","(no title)","0","False","False","True","",""
"MIN","0","user","1184996737","(no title)","0","False","False","True","",""
"MIN","0","user","1495933511","(no title)","0","False","False","True","",""
"MIN","0","user","1527549972","(no title)","0","False","False","True","",""
"MIN","0","user","1407262502","(no title)","0","False","False","True","",""
"MIN","0","user","1065755747","Salit-ahinoam","0","False","False","True","",""
"MIN","0","user","1926373757","(no title)","0","False","False","True","",""
"MIN","0","user","1910296714","שפי","0","False","False","True","",""
"MIN","0","user","1928523714","(no title)","0","False","False","True","",""
"MIN","0","user","1901031037","(no title)","0","False","False","True","",""
"MIN","0","user","1699317272","(no title)","0","False","False","True","",""
"MIN","0","user","1385212748","(no title)","0","False","False","True","",""
"MIN","0","user","1925560611","(no title)","0","False","False","True","",""
"MIN","0","user","1005674725","רונית ✨","0","False","False","True","",""
"MIN","0","user","1107516964","בנימין","0","False","False","True","",""
"MIN","0","user","828226936","דנדנה","0","False","False","True","",""
"MIN","0","user","1763523617","(no title)","0","False","False","True","",""
"MIN","0","user","1864589233","(no title)","0","False","False","True","",""
"MIN","0","user","1822951468","(no title)","0","False","False","True","",""
"MIN","0","user","1609355601","(no title)","0","False","False","True","",""
"MIN","0","user","1838877105","(no title)","0","False","False","True","",""
"MIN","0","user","1802412928","יבגני גיטר","0","False","False","True","",""
"MIN","0","user","1884463091","(no title)","0","False","False","True","",""
"MIN","0","user","1938369421","יונתן","0","False","False","True","",""
"MIN","0","user","1941381960","(no title)","0","False","False","True","",""
"MIN","0","user","1853083161","(no title)","0","False","False","True","",""
"MIN","0","user","954940013","(no title)","0","False","False","True","",""
"MIN","0","user","6193442299","Unibot V2 - Elite Dex Trading Bot","0","False","False","True","",""
"MIN","0","user","1075755805","👑👑👑","0","False","False","True","",""
"MIN","0","user","1907815580","(no title)","0","False","False","True","",""
"MIN","0","user","1953923890","(no title)","0","False","False","True","",""
"MIN","0","user","1989380544","(no title)","0","False","False","True","",""
"MIN","0","user","1474352184","(no title)","0","False","False","True","",""
"MIN","0","user","1926851035","(no title)","0","False","False","True","",""
"MIN","0","user","1696570059","(no title)","0","False","False","True","",""
"MIN","0","user","1972432069","(no title)","0","False","False","True","",""
"MIN","0","user","1114267424","מלך האריות","0","False","False","True","",""
"MIN","0","user","607630976","pit ibaas","0","False","False","True","",""
"MIN","0","user","1280138468","דקלה עונג","0","False","False","True","",""
"MIN","0","user","1724675670","(no title)","0","False","False","True","",""
"MIN","0","user","1142756057","(no title)","0","False","False","True","",""
"MIN","0","user","1941427266","(no title)","0","False","False","True","",""
"MIN","0","user","1934584685","(no title)","0","False","False","True","",""
"MIN","0","user","1912714330","שלומית","0","False","False","True","",""
"MIN","0","user","1908333058","(no title)","0","False","False","True","",""
"MIN","0","user","1973713467","אלון","0","False","False","True","",""
"MIN","0","user","1518092719","נעמי","0","False","False","True","",""
"MIN","0","user","1927759117","(no title)","0","False","False","True","",""
"MIN","0","user","988047319","Wolt Gras","0","False","False","True","",""
"MIN","0","user","2032857062","@feel good@","0","False","False","True","",""
"MIN","0","user","1397218560","הקרטל של צ'ארלי","0","False","False","True","",""
"MIN","0","user","1724406168","(no title)","0","False","False","True","",""
"MIN","0","user","1457256616","גלי סילבר( 𝓣𝓮𝓵𝓮𝓰𝓻𝓪𝓼𝓼)","0","False","False","True","",""
"MIN","0","user","908185353","(no title)","0","False","False","True","",""
"MIN","0","user","1147178697","Alice In Wonderland 🫀","0","False","False","True","",""
"MIN","0","user","1789814964","שלי טרומבון","0","False","False","True","",""
"MIN","0","user","1276014608","(no title)","0","False","False","True","",""
"MIN","0","user","1832830707","(no title)","0","False","False","True","",""
"MIN","0","user","1800050100","קרן","0","False","False","True","",""
"MIN","0","user","1691702967","בנג'ו שי","0","False","False","True","",""
"MIN","0","user","1801629759","(no title)","0","False","False","True","",""
"MIN","0","user","1681708148","(no title)","0","False","False","True","",""
"MIN","0","user","1548044580","(no title)","0","False","False","True","",""
"MIN","0","user","1788752469","(no title)","0","False","False","True","",""
"MIN","0","user","1785045257","באהה","0","False","False","True","",""
"MIN","0","user","1797866278","(no title)","0","False","False","True","",""
"MIN","0","user","1715815690","(no title)","0","False","False","True","",""
"MIN","0","user","1047077046","(no title)","0","False","False","True","",""
"MIN","0","user","1038729312","(no title)","0","False","False","True","",""
"MIN","0","user","1695572147","שחף\nזמן\nאמי","0","False","False","True","",""
"MIN","0","user","1648379435","שני","0","False","False","True","",""
"MIN","0","user","1749680741","(no title)","0","False","False","True","",""
"MIN","0","user","1843175859","(no title)","0","False","False","True","",""
"MIN","0","user","1820273223","(no title)","0","False","False","True","",""
"MIN","0","user","1802847138","אורית יפו","0","False","False","True","",""
"MIN","0","user","1736018926","(no title)","0","False","False","True","",""
"MIN","0","user","712889008","(no title)","0","False","False","True","",""
"MIN","0","user","1851779233","(no title)","0","False","False","True","",""
"MIN","0","user","1701543395","(no title)","0","False","False","True","",""
"MIN","0","user","1885325785","תום","0","False","False","True","",""
"MIN","0","user","1852752163","(no title)","0","False","False","True","",""
"MIN","0","user","1830186345","חן חביב","0","False","False","True","",""
"MIN","0","user","777000","Telegram","0","False","False","True","",""
"MIN","0","user","1870222513","(no title)","0","False","False","True","",""
"MIN","0","user","1849553632","(no title)","0","False","False","True","",""
"MIN","0","user","1701881723","(no title)","0","False","False","True","",""
"MIN","0","user","1844808641","(no title)","0","False","False","True","",""
"MIN","0","user","1883205902","(no title)","0","False","False","True","",""
"MIN","0","user","1818841587","(no title)","0","False","False","True","",""
"MIN","0","user","1816847227","(no title)","0","False","False","True","",""
"MIN","0","user","1743308085","(no title)","0","False","False","True","",""
"MIN","0","user","1816524652","(no title)","0","False","False","True","",""
"MIN","0","user","1823852514","(no title)","0","False","False","True","",""
"MIN","0","user","1872639783","יובל","0","False","False","True","",""
"MIN","0","user","5098388362","(no title)","0","False","False","True","",""
"MIN","0","user","5998626638","לירון","0","False","False","True","",""
"MIN","0","user","600535310","stata","0","False","False","True","",""
"MIN","0","user","6166922320","נחום","0","False","False","True","",""
"MIN","0","user","6106680190","(no title)","0","False","False","True","",""
"MIN","0","user","5917031543","יוני","0","False","False","True","",""
"MIN","0","user","198280640","(no title)","0","False","False","True","",""
"MIN","0","user","6146520829","אמיר","0","False","False","True","",""
"MIN","0","user","5740640947","(no title)","0","False","False","True","",""
"MIN","0","user","6070430181","عنان ענן","0","False","False","True","",""
"MIN","0","user","5152528527","Maya","0","False","False","True","",""
"MIN","0","user","6140987155","שפע - יערה רבו איזנברג","0","False","False","True","",""
"MIN","0","user","7428462177","(no title)","0","False","False","True","",""
"MIN","0","user","6072815973","DK DRE 🎤","0","False","False","True","",""
"MIN","0","user","5642734963","ת","0","False","False","True","",""
"MIN","0","user","6277904807","(no title)","0","False","False","True","",""
"MIN","0","user","1750214541","(no title)","0","False","False","True","",""
"MIN","0","user","6088197535","(no title)","0","False","False","True","",""
"MIN","0","user","6105275962",".","0","False","False","True","",""
"MIN","0","user","8341786274","(no title)","0","False","False","True","",""
"MIN","0","user","6120397654","עדי","0","False","False","True","",""
"MIN","0","user","6031654179","(no title)","0","False","False","True","",""
"MIN","0","user","940588007","גל","0","False","False","True","",""
"MIN","0","user","5291682995","(no title)","0","False","False","True","",""
"MIN","0","user","6056619143","(no title)","0","False","False","True","",""
"MIN","0","user","6394579322","יניב","0","False","False","True","",""
"MIN","0","user","6178301921","(no title)","0","False","False","True","",""
"MIN","0","user","1513323938","Chat ID Bot","0","False","False","True","",""
"MIN","0","user","6098178399","סלוא","0","False","False","True","",""
"MIN","0","user","6381869564","מתן שטרן","0","False","False","True","",""
"MIN","0","user","6256076039","467","0","False","False","True","",""
"MIN","0","user","6245446189","(no title)","0","False","False","True","",""
"MIN","0","user","6375473223","אבו זוז","0","False","False","True","",""
"MIN","0","user","5913156971","נולה","0","False","False","True","",""
"MIN","0","user","5919576096","(no title)","0","False","False","True","",""
"MIN","0","user","2094940625","Shani","0","False","False","True","",""
"MIN","0","user","5535687670","אורלי גן","0","False","False","True","",""
"MIN","0","user","6148187818","🇮🇱 שלמה ארצי","0","False","False","True","",""
"MIN","0","user","6093529892","ממש","0","False","False","True","",""
"MIN","0","user","5854560228","סלבה מורה","0","False","False","True","",""
"MIN","0","user","6070567333","אחינעם","0","False","False","True","",""
"MIN","0","user","1469173312","Xoi","0","False","False","True","",""
"MIN","0","user","6039632199","(no title)","0","False","False","True","",""
"MIN","0","user","6094773549","(no title)","0","False","False","True","",""
"MIN","0","user","6212330433","מאור אור ור","0","False","False","True","",""
"MIN","0","user","6043224568","אבי","0","False","False","True","",""
"MIN","0","user","5717628056","הילה 🍃","0","False","False","True","",""
"MIN","0","user","6166626365","מכאל","0","False","False","True","",""
"MIN","0","user","6242475363","שני","0","False","False","True","",""
"MIN","0","user","6211314565","כאל\nשירן","0","False","False","True","",""
"MIN","0","user","6124398894","אבירם","0","False","False","True","",""
"MIN","0","user","5894283260","אדווה חגי","0","False","False","True","",""
"MIN","0","user","1571185364","איתי קופר","0","False","False","True","",""
"MIN","0","user","5021103423","Richard","0","False","False","True","",""
"MIN","0","user","98488981","Tal","0","False","False","True","",""
"MIN","0","user","7323795437","מא'עמז","0","False","False","True","",""
"MIN","0","user","1169869862","💎⚡️Angel","0","False","False","True","",""
"MIN","0","user","1601360144","(no title)","0","False","False","True","",""
"MIN","0","user","6130561514","תמיר","0","False","False","True","",""
"MIN","0","user","6021860560","(no title)","0","False","False","True","",""
"MIN","0","user","5691474807","(no title)","0","False","False","True","",""
"MIN","0","user","5842691145","תמיר 🤐","0","False","False","True","",""
"MIN","0","user","5994253045","לירי","0","False","False","True","",""
"MIN","0","user","6014811313","(no title)","0","False","False","True","",""
"MIN","0","user","5996466781","ארי","0","False","False","True","",""
"MIN","0","user","5905887266","שובל -","0","False","False","True","",""
"MIN","0","user","77582258","שקד רב.","0","False","False","True","",""
"MIN","0","user","6037606377","אורי פאזה","0","False","False","True","",""
"MIN","0","user","6191000231","(no title)","0","False","False","True","",""
"MIN","0","user","5977959116","(no title)","0","False","False","True","",""
"MIN","0","user","1644296920","Mina.Ma","0","False","False","True","",""
"MIN","0","user","1452529450","Naama","0","False","False","True","",""
"MIN","0","user","298212025","Matanya Haim","0","False","False","True","",""
"MIN","0","user","118211023","Tali M","0","False","False","True","",""
"MIN","0","user","6246543726","(no title)","0","False","False","True","",""
"MIN","0","user","6038236017","רחל","0","False","False","True","",""
"MIN","0","user","5885016055","(no title)","0","False","False","True","",""
"MIN","0","user","6066859002","נועם","0","False","False","True","",""
"MIN","0","user","6251960800","ניצן גן","0","False","False","True","",""
"MIN","0","user","6139306802","(no title)","0","False","False","True","",""
"MIN","0","user","5959235564","בועז קייטנה","0","False","False","True","",""
"MIN","0","user","1792184564","(no title)","0","False","False","True","",""
"MIN","0","user","6025046721","נדב","0","False","False","True","",""
"MIN","0","user","5680283511","Azq","0","False","False","True","",""
"MIN","0","user","6070255356","סובע","0","False","False","True","",""
"MIN","0","user","353061007","בוב שניאור שטרן","0","False","False","True","",""
"MIN","0","user","6126624124","רענן","0","False","False","True","",""
"MIN","0","user","8347658741","(no title)","0","False","False","True","",""
"MIN","0","user","1493283532","מיקה","0","False","False","True","",""
"MIN","0","user","1598504742","בני","0","False","False","True","",""
"MIN","0","user","6153587907","איתי","0","False","False","True","",""
"MIN","0","user","5826333929","מאיר","0","False","False","True","",""
"MIN","0","user","5322214758","(no title)","0","False","False","True","",""
"MIN","0","user","1877036958","Smart Glocal test","0","False","False","True","",""
"MIN","0","user","5249057655","BillLineDev payments","0","False","False","True","","dev"
"MIN","0","user","6101007413","Community","0","False","False","True","",""
"MIN","0","user","7018368922","Hamster Kombat","0","False","False","True","",""
"MIN","0","user","337704241","Shop Bot","0","False","False","True","",""
"MIN","0","user","5325908415","Tutorial","0","False","False","True","",""
"MIN","0","user","424000","Volunteer Support","0","False","False","True","","support"
"MIN","0","user","166035794","GameBot","0","False","False","True","",""
"MIN","0","user","117054132","Merchant","0","False","False","True","",""
"MIN","0","user","5238689720","Faisal_shaikh❤️‍🔥","0","False","False","True","",""
"MIN","0","user","1007891793","באסטר באקסטר","0","False","False","True","",""
"MIN","0","user","6458693638","אשדוד אכילים באצים באצונים","0","False","False","True","",""
"MIN","0","user","6257860648","ביטקוין קריפטו מטבעות השקעות","0","False","False","True","",""
"MIN","0","user","1188522442","תפזורת ישראל","0","False","False","True","",""
"MIN","0","user","7605427093","(no title)","0","False","False","True","",""
"MIN","0","user","926646155","☘️גברת הוויד☘️(המקורית)","0","False","False","True","",""
"MIN","0","user","1321916953","(no title)","0","False","False","True","",""
"MIN","0","user","6704011196","OctoBits BOT Trade","0","False","False","True","",""
"MIN","0","user","1265422187","Marvel•MarjiuanaMen™","0","False","False","True","",""
"MIN","0","user","1762473671","נלי","0","False","False","True","",""
"MIN","0","user","1255782109","(no title)","0","False","False","True","",""
"MIN","0","user","74376339","Manybot","0","False","False","True","",""
"MIN","0","user","7466055776","GOATS 🐐","0","False","False","True","",""
"MIN","0","user","7835094785","(no title)","0","False","False","True","",""
"MIN","0","user","2087250462","Wallet Support Team","0","False","False","True","","team;support"
"MIN","0","user","6685490986","TON ID","0","False","False","True","",""
"MIN","0","user","6631818294","(no title)","0","False","False","True","",""
"MIN","0","user","7926144705","איב🤍(מנהלת הזמנות)","0","False","False","True","",""
"MIN","0","user","1518680802","עידנצו'ק 🌱","0","False","False","True","",""
"MIN","0","user","5741272273","Ton Console","0","False","False","True","",""
"MIN","0","user","8192274419","אלינה (מנהלת הזמנות)","0","False","False","True","",""
"MIN","0","user","7937351185","(no title)","0","False","False","True","",""
"MIN","0","user","437553608","Aviram","0","False","False","True","",""
"MIN","0","user","6725798959","(no title)","0","False","False","True","",""
"MIN","0","user","7741155797","(no title)","0","False","False","True","",""
"MIN","0","user","140953214","Shugi","0","False","False","True","",""
"MIN","0","user","5265807494","היהלומן 💎✌️ לקוחות קבועים ✌️","0","False","False","True","",""
"MIN","0","user","6683215690","(no title)","0","False","False","True","",""
"MIN","0","user","576184323","Menu Builder Bot","0","False","False","True","",""
"MIN","0","user","178220800","Spam Info Bot","0","False","False","True","",""
"MIN","0","user","6363910343","Not Games Bot","0","False","False","True","",""
"MIN","0","user","8140798987","מוטי","0","False","False","True","",""
"MIN","0","user","510812668","Menu Builder Help","0","False","False","True","",""
"MIN","0","user","480100522","זהר","0","False","False","True","",""
"MIN","0","user","6450244522","מרי","0","False","False","True","",""
"MIN","0","user","6005713571","(no title)","0","False","False","True","",""
"MIN","0","user","5878286927","פירס מגב ❤️😍🙏","0","False","False","True","",""
"MIN","0","user","6408960418","עמי פיקס חשמלאי רכב","0","False","False","True","",""
"MIN","0","user","5910647266","(no title)","0","False","False","True","",""
"MIN","0","user","6608879181","אילנה 🌱","0","False","False","True","",""
"MIN","0","user","6695581382","دهبه","0","False","False","True","",""
"MIN","0","user","6478950104","ענת שרף","0","False","False","True","",""
"MIN","0","user","6618019915","(no title)","0","False","False","True","",""
"MIN","0","user","6686450391","גד לב","0","False","False","True","",""
"MIN","0","user","6499824914","שיהגברה","0","False","False","True","",""
"MIN","0","user","6360293500","🪨","0","False","False","True","",""
"MIN","0","user","5478211278","עמית","0","False","False","True","",""
"MIN","0","user","6559488803","הגר","0","False","False","True","",""
"MIN","0","user","6127920665","(no title)","0","False","False","True","",""
"MIN","0","user","6212300460","צביה","0","False","False","True","",""
"MIN","0","user","248268120","E","0","False","False","True","",""
"MIN","0","user","6317552913","לימור כרסנטי","0","False","False","True","",""
"MIN","0","user","2118942430","(no title)","0","False","False","True","",""
"MIN","0","user","5553929290","💎⚡️Angel Dust Orders⚡️💎(לא בשבת)","0","False","False","True","",""
"MIN","0","user","5733664030","(no title)","0","False","False","True","",""
"MIN","0","user","6048269567","(no title)","0","False","False","True","",""
"MIN","0","user","6091703827","(no title)","0","False","False","True","",""
"MIN","0","user","6530476608","(no title)","0","False","False","True","",""
"MIN","0","user","7943078035","UnlimintDemoPayBot","0","False","False","True","",""
"MIN","0","user","6486467248","(no title)","0","False","False","True","",""
"MIN","0","user","7642011813","סול","0","False","False","True","",""
"MIN","0","user","6644607515","(no title)","0","False","False","True","",""
"MIN","0","user","6309093994","סאלי","0","False","False","True","",""
"MIN","0","user","6410770485","דוד","0","False","False","True","",""
"MIN","0","user","6503577151","Chat id bot","0","False","False","True","",""
"MIN","0","user","6821848554","ג'אבר","0","False","False","True","",""
"MIN","0","user","1572719364","יפעת","0","False","False","True","",""
"MIN","0","user","6470643545","שחר אלקטרו אוטו","0","False","False","True","",""
"MIN","0","user","6563327554","שולמית","0","False","False","True","",""
"MIN","0","user","6526568211","דנית","0","False","False","True","",""
"MIN","0","user","6476116184","שמעון","0","False","False","True","",""
"MIN","0","user","6565898366","(no title)","0","False","False","True","",""
"MIN","0","user","5945624816","מתן סקס","0","False","False","True","",""
"MIN","0","user","6289589413","(no title)","0","False","False","True","",""
"MIN","0","user","6392050969","(no title)","0","False","False","True","",""
"MIN","0","user","6416717368","אייל המתופף","0","False","False","True","",""
"MIN","0","user","8202998891","(no title)","0","False","False","True","",""
"MIN","0","user","6292868536","(no title)","0","False","False","True","",""
"MIN","0","user","6099872359","(no title)","0","False","False","True","",""
"MIN","0","user","5797527396","moris","0","False","False","True","",""
"MIN","0","user","5158602941","(no title)","0","False","False","True","",""
"MIN","0","user","5372608103","ג'ואל בסיסטית","0","False","False","True","",""
"MIN","0","user","5379479089","גולן","0","False","False","True","",""
"MIN","0","user","5306572733","(no title)","0","False","False","True","",""
"MIN","0","user","1408409990","(no title)","0","False","False","True","",""
"MIN","0","user","5364286999","ניר","0","False","False","True","",""
"MIN","0","user","5522993259","(no title)","0","False","False","True","",""
"MIN","0","user","5425299076","שי","0","False","False","True","",""
"MIN","0","user","5400422420","ליאור","0","False","False","True","",""
"MIN","0","user","5115987637","(no title)","0","False","False","True","",""
"MIN","0","user","5433700776","גן","0","False","False","True","",""
"MIN","0","user","5312197981","(no title)","0","False","False","True","",""
"MIN","0","user","5347601908","(no title)","0","False","False","True","",""
"MIN","0","user","5350017778","ירון","0","False","False","True","",""
"MIN","0","user","5333705154","(no title)","0","False","False","True","",""
"MIN","0","user","5311067638","מירי","0","False","False","True","",""
"MIN","0","user","5325072990","אורלי","0","False","False","True","",""
"MIN","0","user","5368660479","(no title)","0","False","False","True","",""
"MIN","0","user","5356308828","דניאל רוטש","0","False","False","True","",""
"MIN","0","user","5006376467","(no title)","0","False","False","True","",""
"MIN","0","user","976690865","(no title)","0","False","False","True","",""
"MIN","0","user","5315528955","סופי","0","False","False","True","",""
"MIN","0","user","5513660520","רונית","0","False","False","True","",""
"MIN","0","user","5504925085","(no title)","0","False","False","True","",""
"MIN","0","user","5584182589","(no title)","0","False","False","True","",""
"MIN","0","user","6148615900","נדב","0","False","False","True","",""
"MIN","0","user","5542411161","מרינה עין","0","False","False","True","",""
"MIN","0","user","5485136281","טניוש","0","False","False","True","",""
"MIN","0","user","5585702308","(no title)","0","False","False","True","",""
"MIN","0","user","5417908374","אבי","0","False","False","True","",""
"MIN","0","user","5470849311","(no title)","0","False","False","True","",""
"MIN","0","user","5588880188","(no title)","0","False","False","True","",""
"MIN","0","user","5416227023","אתיאל נשר","0","False","False","True","",""
"MIN","0","user","5488761933","גל ביט","0","False","False","True","",""
"MIN","0","user","5368754856","(no title)","0","False","False","True","",""
"MIN","0","user","5454026953","(no title)","0","False","False","True","",""
"MIN","0","user","161722872","Surgeon013","0","False","False","True","",""
"MIN","0","user","5592378333","קרייר","0","False","False","True","",""
"MIN","0","user","1466101314","(no title)","0","False","False","True","",""
"MIN","0","user","5364934275","Linoy","0","False","False","True","",""
"MIN","0","user","5368351467","(no title)","0","False","False","True","",""
"MIN","0","user","5467643740","(no title)","0","False","False","True","",""
"MIN","0","user","5312340890","وائل","0","False","False","True","",""
"MIN","0","user","5481124234","(no title)","0","False","False","True","",""
"MIN","0","user","5487834493","(no title)","0","False","False","True","",""
"MIN","0","user","5228917748","(no title)","0","False","False","True","",""
"MIN","0","user","5268916228","ליאור","0","False","False","True","",""
"MIN","0","user","1193001696","(no title)","0","False","False","True","",""
"MIN","0","user","1978408754","(no title)","0","False","False","True","",""
"MIN","0","user","5208591252","(no title)","0","False","False","True","",""
"MIN","0","user","5132596327","אור","0","False","False","True","",""
"MIN","0","user","5200518383","(no title)","0","False","False","True","",""
"MIN","0","user","5244695745","(no title)","0","False","False","True","",""
"MIN","0","user","5220452343","(no title)","0","False","False","True","",""
"MIN","0","user","5160190449","(no title)","0","False","False","True","",""
"MIN","0","user","5106754632","(no title)","0","False","False","True","",""
"MIN","0","user","5268859916","(no title)","0","False","False","True","",""
"MIN","0","user","5082512605","(no title)","0","False","False","True","",""
"MIN","0","user","5009754238","(no title)","0","False","False","True","",""
"MIN","0","user","5084957007","נגה קבוצ","0","False","False","True","",""
"MIN","0","user","5080715847","נגה","0","False","False","True","",""
"MIN","0","user","1082799833","🏡 אמיר","0","False","False","True","",""
"MIN","0","user","5011904022","ראווי","0","False","False","True","",""
"MIN","0","user","2015836360","(no title)","0","False","False","True","",""
"MIN","0","user","1444425979","Ila'","0","False","False","True","",""
"MIN","0","user","5172887765","(no title)","0","False","False","True","",""
"MIN","0","user","5063285873","אתוס","0","False","False","True","",""
"MIN","0","user","5044509967","כפיר","0","False","False","True","",""
"MIN","0","user","224223270","Osif","0","False","False","True","",""
"MIN","0","user","5218428493","יאיר","0","False","False","True","",""
"MIN","0","user","5252412110","(no title)","0","False","False","True","",""
"MIN","0","user","5215337430","(no title)","0","False","False","True","",""
"MIN","0","user","8400109563","(no title)","0","False","False","True","",""
"MIN","0","user","5284610669","אלי","0","False","False","True","",""
"MIN","0","user","5251115390","ענת","0","False","False","True","",""
"MIN","0","user","5289424430","(no title)","0","False","False","True","",""
"MIN","0","user","5112060750","(no title)","0","False","False","True","",""
"MIN","0","user","5166622389","(no title)","0","False","False","True","",""
"MIN","0","user","5168925488","אמיר ה'","0","False","False","True","",""
"MIN","0","user","5192441305","דקל","0","False","False","True","",""
"MIN","0","user","5261075584","ויקטוריה עוזרת","0","False","False","True","",""
"MIN","0","user","5269415970","יורי סקסופון","0","False","False","True","",""
"MIN","0","user","5223581324","(no title)","0","False","False","True","",""
"MIN","0","user","5171887107","רוחניות","0","False","False","True","",""
"MIN","0","user","5287494523","(no title)","0","False","False","True","",""
"MIN","0","user","5259843399","(no title)","0","False","False","True","",""
"MIN","0","user","1205241554","מכונה חיפאית™️ ⛔️לא בסיקרט","0","False","False","True","",""
"MIN","0","user","5263173660","(no title)","0","False","False","True","",""
"MIN","0","user","5140789738","(no title)","0","False","False","True","",""
"MIN","0","user","5141776510","(no title)","0","False","False","True","",""
"MIN","0","user","5284761364","ויק ביט","0","False","False","True","",""
"MIN","0","user","8398873352","(no title)","0","False","False","True","",""
"MIN","0","user","5691256365","דפנה","0","False","False","True","",""
"MIN","0","user","5802701898","(no title)","0","False","False","True","",""
"MIN","0","user","5857399210","כיתה","0","False","False","True","",""
"MIN","0","user","5923512148","יאיר","0","False","False","True","",""
"MIN","0","user","5876330079","אושרית","0","False","False","True","",""
"MIN","0","user","5809543321","(no title)","0","False","False","True","",""
"MIN","0","user","5700879638","(no title)","0","False","False","True","",""
"MIN","0","user","5264645618","(no title)","0","False","False","True","",""
"MIN","0","user","5872248877","(no title)","0","False","False","True","",""
"MIN","0","user","5879994627","שלי","0","False","False","True","",""
"MIN","0","user","5618048010","(no title)","0","False","False","True","",""
"MIN","0","user","5966804376","(no title)","0","False","False","True","",""
"MIN","0","user","119513866","YourBot","0","False","False","True","",""
"MIN","0","user","5608469193","חנן","0","False","False","True","",""
"MIN","0","user","5876191446","(no title)","0","False","False","True","",""
"MIN","0","user","5858787643","(no title)","0","False","False","True","",""
"MIN","0","user","5722433622","אביר","0","False","False","True","",""
"MIN","0","user","5973179761","גיל ?","0","False","False","True","",""
"MIN","0","user","5972535833","האפס.","0","False","False","True","",""
"MIN","0","user","5946856008","(no title)","0","False","False","True","",""
"MIN","0","user","1055368754","עומר","0","False","False","True","",""
"MIN","0","user","845087363","(no title)","0","False","False","True","",""
"MIN","0","user","953122755","אורח 1","0","False","False","True","",""
"MIN","0","user","5960030272","(no title)","0","False","False","True","",""
"MIN","0","user","660936734","(no title)","0","False","False","True","",""
"MIN","0","user","5869788173","(no title)","0","False","False","True","",""
"MIN","0","user","5985762426","(no title)","0","False","False","True","",""
"MIN","0","user","5934054400","(no title)","0","False","False","True","",""
"MIN","0","user","560381991","(no title)","0","False","False","True","",""
"MIN","0","user","1753625397","רפאל","0","False","False","True","",""
"MIN","0","user","5949971368","(no title)","0","False","False","True","",""
"MIN","0","user","5959250048","(no title)","0","False","False","True","",""
"MIN","0","user","5978504414","ענת","0","False","False","True","",""
"MIN","0","user","5721240261","תמר 🐾","0","False","False","True","",""
"MIN","0","user","5550366832","(no title)","0","False","False","True","",""
"MIN","0","user","5905759849","(no title)","0","False","False","True","",""
"MIN","0","user","5391601197","מוטי","0","False","False","True","",""
"MIN","0","user","5693068447","(no title)","0","False","False","True","",""
"MIN","0","user","5961171828","(no title)","0","False","False","True","",""
"MIN","0","user","5467530735","(no title)","0","False","False","True","",""
"MIN","0","user","8435922575","(no title)","0","False","False","True","",""
"MIN","0","user","5910433882","אליג","0","False","False","True","",""
"MIN","0","user","1386950064","Александр","0","False","False","True","",""
"MIN","0","user","880238290","תניא","0","False","False","True","",""
"MIN","0","user","5898279134","(no title)","0","False","False","True","",""
"MIN","0","user","7940057720","יהב","0","False","False","True","",""
"MIN","0","user","5726726291","(no title)","0","False","False","True","",""
"MIN","0","user","5785672676","אריאל","0","False","False","True","",""
"MIN","0","user","5761658523","דני מסדה","0","False","False","True","",""
"MIN","0","user","1917265484","טלי המוש","0","False","False","True","",""
"MIN","0","user","366997336","מור 🌸","0","False","False","True","",""
"MIN","0","user","5734109677","(no title)","0","False","False","True","",""
"MIN","0","user","5435108685","שאולי","0","False","False","True","",""
"MIN","0","user","5638619648","(no title)","0","False","False","True","",""
"MIN","0","user","5719662316","(no title)","0","False","False","True","",""
"MIN","0","user","5613363744","(no title)","0","False","False","True","",""
"MIN","0","user","5690599462","(no title)","0","False","False","True","",""
"MIN","0","user","5742366331","אלינור","0","False","False","True","",""
"MIN","0","user","5646901936","(no title)","0","False","False","True","",""
"MIN","0","user","5599584421","ענר","0","False","False","True","",""
"MIN","0","user","1393849577","𝙒𝙀 🍁 𝙂𝙍𝘼𝙎𝙎","0","False","False","True","",""
"MIN","0","user","1121852271","(no title)","0","False","False","True","",""
"MIN","0","user","5398929564","(no title)","0","False","False","True","",""
"MIN","0","user","5456523019","(no title)","0","False","False","True","",""
"MIN","0","user","5181659836","(no title)","0","False","False","True","",""
"MIN","0","user","1888104101","@.MrCoCaIL","0","False","False","True","",""
"MIN","0","user","5488344509","עידן עדי","0","False","False","True","",""
"MIN","0","user","5655534892","(no title)","0","False","False","True","",""
"MIN","0","user","5659131395","(no title)","0","False","False","True","",""
"MIN","0","user","5979167066","(no title)","0","False","False","True","",""
"MIN","0","user","5753625533","(no title)","0","False","False","True","",""
"MIN","0","user","5755675857","(no title)","0","False","False","True","",""
"MIN","0","user","5776331955","(no title)","0","False","False","True","",""
"MIN","0","user","5892101551","אורי","0","False","False","True","",""
"MIN","0","user","6415126385","שלומית","0","False","False","True","",""
"MIN","0","user","5859506391","(no title)","0","False","False","True","",""
"MIN","0","user","369433744","🌍 Ulya Mori","0","False","False","True","",""
"MIN","0","user","5611522370","(no title)","0","False","False","True","",""
"MIN","0","user","5923430971","(no title)","0","False","False","True","",""
"MIN","0","user","5496072591","(no title)","0","False","False","True","",""
"MIN","0","user","5052082554","(no title)","0","False","False","True","",""
"MIN","0","user","5650843884","(no title)","0","False","False","True","",""
"MIN","0","user","5574099904","(no title)","0","False","False","True","",""
"MIN","0","user","5716723420","(no title)","0","False","False","True","",""
"MIN","0","user","1414299740","(no title)","0","False","False","True","",""
"MIN","0","user","5778455244","אמיר מגב","0","False","False","True","",""
"MIN","0","user","5766110938","דיקלה 🍝🫕","0","False","False","True","",""
"MIN","0","user","5778687652","דני","0","False","False","True","",""
"MIN","0","user","5452211700","(no title)","0","False","False","True","",""
"MIN","0","user","5302810632","(no title)","0","False","False","True","",""
