"peer_type","peer_id","title","is_group","is_channel","is_user","unread_count"
"channel","1511637666","×‘×“×™×§×•×ھ ×¤× ×™×‍×™×•×ھ.","True","True","False","0"
"channel","2109377903","×ھ× ×•×¢×ھ ×گ×—×“×•×ھ","True","True","False","0"
"channel","1637210555","×ھ× ×•×¢×ھ ×گ×—×“×•×ھ - ×‍×•×‍×—×™×‌","True","True","False","0"
"channel","2981609404","×‘×•×¨×،×ھ SLH - ×”×¢×ھ×™×“ ×”×›×œ×›×œ×™ ×©×œ×›×‌","True","True","False","0"
"channel","1769799652","×‍×©×—×§ NFT","True","True","False","0"
"user","777000","Telegram","False","False","True","2"
"channel","1453035653","Bybit English","True","True","False","3489"
"channel","1220789766","Binance Killersآ®","False","True","False","456"
"channel","1201283250","Rocket Wallet Signals","False","True","False","371"
"user","7757102350","Osif Ungar","False","False","True","0"
"channel","1928225091","×“×•×§×ک×•×¨ ×“×¨×” vip","False","True","False","153"
"channel","1675362376","×گ× ×—× ×• ×”×—×“×©×•×ھ","True","True","False","411"
"channel","1173711569","Crypto Signals","False","True","False","540"
"channel","1742512586","BybitProآ® ( Futures/Spot )","False","True","False","768"
"channel","1172953720","Fat Pig Signals","False","True","False","0"
"channel","3635064173","×™×œ×§×•×ک ×”×©×‘×¢×ھ×™ ×گ×ھ×›×‌","True","True","False","41"
"channel","2685589961","×¢×¨×‘×™×ک - ×‍×™×œ×” ×‘×™×•×‌","False","True","False","92"
"channel","1354862145","AltSignals.io ًں¥·ًں‘‘","False","True","False","1937"
"channel","1834303412","Chat GPT 5","False","True","False","15"
"channel","1573829148","TMA OFFICIALآ®","False","True","False","947"
"channel","1347728413","Wallstreet Queen Officialآ®","False","True","False","3878"
"channel","1278312262","Big Pumps Binanceâ„¢","False","True","False","944"
"channel","1509614260","Pump Leaks","False","True","False","941"
"channel","1351499165","Bitcoin Bulletsآ®","False","True","False","2541"
"channel","1638879488","Wall Street Gems","False","True","False","14"
"channel","1519087950","CRYPTO PUMPS","False","True","False","932"
"user","2032857062","@feel good@","False","False","True","0"
"user","6193442299","Unibot V2 - Elite Dex Trading Bot","False","False","True","0"
"user","1075755805","ًں‘‘ًں‘‘ًں‘‘","False","False","True","0"
"user","8172123240","SLH","False","False","True","0"
"user","6048498596","BybitPro Bot","False","False","True","169"
"channel","1466074174","Crypto Inner Circleآ®","False","True","False","1541"
"channel","1689343059","KUCOIN CRYPTO SIGNALS","False","True","False","524"
"channel","1624773544","Wallet News","False","True","False","60"
"channel","1535877716","AlgoBot - Free AI Trading","False","True","False","13"
"channel","1233043722","Toncoin","False","True","False","44"
"channel","1363395700","×™×©×¨×گ×œ ×‍×ھ×¢×•×¨×¨×ھ - ×“×™×•× ×™×‌","True","True","False","16"
"user","1985737506","Wallet","False","False","True","1"
"user","8216202784","Bot_Factory","False","False","True","0"
"user","6218783903","GigaChat","False","False","True","2"
"channel","1534570531","Token Tool by Bitbond","False","True","False","142"
"user","8598661664","NFTY Casino","False","False","True","0"
"user","5386896560","TonMobile eSIM","False","False","True","2"
"channel","1284281605","×©×‘×ک×™×” ×“×™×•× ×™×‌","True","True","False","10"
"user","93372553","BotFather","False","False","True","0"
"user","6957782313","Bybit TradeGPT","False","False","True","7"
"channel","1722262838","Floor796","False","True","False","5"
"user","1013299994","Testgiver TON Bot","False","False","True","0"
"user","5216085479","toncenter.com bot","False","False","True","0"
"user","5010371391","×¦×‘×™×§×” ×§×گ×•×¤×‍×ں (× ×¦×¨ ×—×–× ×™-×‍×•×©×‘ ×œ×™×“ ×¨×—×•×‘×•×ھ)","False","False","True","0"
"user","8238076648","My crazy admin panel","False","False","True","0"
"user","7998856873","NIFTII","False","False","True","0"
"channel","2182038284","Kobra(KODA)","False","True","False","131"
"user","8294190194","ط¢طµظپ ×گ×،×™×£ ًںŒˆ","False","False","True","1"
"channel","1653109904","×™×•×،×™ ×•×—×‘×¨×™×‌","True","True","False","2"
"user","8502713580","×§×©×ھ×™×‌","False","False","True","1"
"user","8478252455","NIFTI_Publisher_Bot","False","False","True","0"
"user","8550795348","×‍×©×”","False","False","True","1"
"user","1559501630","Crypto Bot","False","False","True","0"
"channel","1415250467","×™×œ×§×•×ک ×”×©×‘×¢×ھ×™ ×گ×ھ×›×‌","True","True","False","58"
"user","8298897331","Game_bot","False","False","True","0"
"user","8075933581","Campaign","False","False","True","0"
"user","8351227223","SLH_Academia","False","False","True","0"
"user","8021353416","(no title)","False","False","True","0"
"user","8178904118","(no title)","False","False","True","0"
"user","8599706278","(no title)","False","False","True","0"
"user","1273773529","Zehavit","False","False","True","1"
"user","5896221213","ChatGPT 5 | Gemini 3 | Nano Banana","False","False","True","0"
"user","8585813816","×§×•×§×•","False","False","True","1"
"user","771754438","×¤×™×œ×™×¤ ×‍×•×¨×™×،","False","False","True","0"
"user","8019182114","×‍×©×”","False","False","True","1"
"user","8593359055","×‍×¨×™× ×”","False","False","True","1"
"channel","1748720858","×ھ× ×•×¢×ھ ×گ×—×“×•×ھ ×ھ×‍×™×›×”","True","True","False","0"
"channel","1546245930","×ھ× ×•×¢×ھ ×گ×—×“×•×ھ - ×گ×§×ک×™×‘×™×،×ک×™×‌","True","True","False","0"
"user","8272474292","×œ×گ ×™×•×“×¢ ×‍×™ ×–×”","False","False","True","1"
"user","7674964804","(no title)","False","False","True","1"
"channel","1586409387","×—×™× ×•×ڑ","True","True","False","0"
"channel","1561497802","×‍×•×¨×™×‌ ×”×•×¨×™×‌ ×œ×ھ×™×›×•×ں ×—×™×¤×”","True","True","False","0"
"channel","1691232917","×ھ× ×•×¢×ھ ×گ×—×“×•×ھ","True","True","False","0"
"user","8225059465","SLH","False","False","True","0"
"user","8394483424","@MY_NFT_SHOP_bot","False","False","True","0"
"user","7644371589","MY_SUPER_ADMIN","False","False","True","0"
"user","8554485332","SLH","False","False","True","0"
"channel","1573674334","SLH -×”×گ×§×“×‍×™×” ×œ×”×©×›×œ×” ×’×‘×•×”×”","True","True","False","0"
"user","8092028810","(no title)","False","False","True","0"
"channel","2007141958","Notcoin Community","False","True","False","411"
"user","6549302342","Tonkeeper","False","False","True","0"
"user","5127984636","TON Dating","False","False","True","1"
"channel","1295647328","Crypto Futures | Marco Hunter ًںڑ€","False","True","False","2597"
"channel","1748319682","×œ×•×’×™×‌ ×•×¨×™×©×•×‌","True","True","False","0"
"user","7798788251","Chriztian","False","False","True","2"
"channel","1651506661","×ھ×‍×™×›×” ×ک×›× ×™×ھ","True","True","False","0"
"user","7414488710","×›×™×•×•×ں ×‍×¨×›×– ×¨×‍×ھ ×’×ں ×—×•×œ×•×ں ×‘×ھ ×™×‌","False","False","True","0"
"user","7332328573","(no title)","False","False","True","0"
"user","8476843528","(no title)","False","False","True","0"
"user","909623698","L","False","False","True","0"
"user","576931067","Control bot","False","False","True","0"
"user","6511860356","Trojan on Solana","False","False","True","0"
"user","7835084274","ظ…ط§ط­ظ…ظˆط¯","False","False","True","1"
"user","8498450341","×‘×¨×§","False","False","True","0"
"user","394729779","Hulk","False","False","True","0"
"user","1185887485","×¦×‘×™×§×•×©","False","False","True","0"
"channel","3488577626","×”×©×§×¢×•×ھ","True","True","False","0"
"user","8229198489","×ک×•×‘×”","False","False","True","0"
"user","8439200632","(no title)","False","False","True","0"
"user","8435910767","(no title)","False","False","True","0"
"user","1929049105","×™×•×،×£","False","False","True","0"
"user","8252614196","(no title)","False","False","True","0"
"user","2118509116","@idosilverstein ×¢×™×“×• ×¢×‍×™×—×™ ×گ×‘×¨×”×‌ Ido Amichai Abraham","False","False","True","0"
"user","8088324234","×گ×œ×™×¢×–×¨","False","False","True","0"
"channel","1116368038","Menu Builder - News","False","True","False","86"
"user","5573556599","Arad 629","False","False","True","0"
"user","8274046661","(no title)","False","False","True","0"
"user","7728721922","Hhhh","False","False","True","0"
"user","8351895620","×“× ×™×گ×œ ×‍×™×‍×•×ں","False","False","True","1"
"user","8250202356","×œ×™×–×”","False","False","True","1"
"channel","1715002863","LOG_TRANSACTIONS_CHAT","True","True","False","0"
"chat","5093005461","×گ×•×،×™×£ ×¦×‘×™×§×” ×گ×œ×™","True","False","False","0"
"user","429000","Stickers","False","False","True","0"
"channel","1640307734","×‍×ک×œ×•×ھ","True","True","False","0"
"chat","436237155","×§×‘×•×¦×” ×—×“×©×” ×œ×œ×گ ID","True","False","False","0"
"user","8516338216","×گ×œ×—× ×ں\n×‘×™""×،\n","False","False","True","0"
"user","8031298603","ذœذ°ر€ذ؛","False","False","True","0"
"user","211246197","Telegram Bot Raw","False","False","True","0"
"user","547043436","SampleBot","False","False","True","0"
"chat","5068474479","×§×‘×•×¦×” ×œ×‘×“×™×§×•×ھ","True","False","False","0"
"user","406745800","×‘× ×™","False","False","True","0"
"user","8549898698","×‘×¨×•×ڑ","False","False","True","1"
"user","8443986883","ذ؛ر€ذ°ذ؛ذµذ½","False","False","True","0"
"channel","3101043423","SLH.EchoSystem.israel","False","True","False","0"
"user","7579422877","Testgiver TON Bot (testnet faucet)","False","False","True","0"
"user","6390700666","×“×‍×™×ک×¨×™","False","False","True","0"
"user","1939694457","Robotrik","False","False","True","0"
"user","8582475174","×—×™×™×‘\n×œ×™\n×›×،×£","False","False","True","1"
"channel","3215303764","0","False","True","False","0"
"user","8080272057","×¢×™×“×ں ×¢×œ","False","False","True","1"
"user","8340027057","×“×§×œ×”","False","False","True","1"
"user","503342253","×گ×•×¨×™×گ×œ","False","False","True","0"
"user","8494062685","Diana","False","False","True","0"
"user","8275538195","×‍×™×¨×™","False","False","True","1"
"channel","1617334141","CRYPTO GEM FINDER","False","True","False","7"
"user","7607541734","Ava","False","False","True","1"
"user","8401056057","×¨×¤×ھ","False","False","True","1"
"channel","1529835062","×‘×“×™×§×•×ھ ×،×•×¤×™×•×ھ","True","True","False","0"
"channel","1699922921","×ھ×©×œ×•×‍×™×‌","True","True","False","0"
"user","8228124493","×،×¨×™","False","False","True","1"
"channel","3085498534","×،×œ×” ×œ×œ×گ ×’×‘×•×œ×•×ھ","False","True","False","0"
"channel","1556954998","×—×‘×¨×™ ×¤×¨×™×‍×™×•×‌ TON ×•×،×œ×”","True","True","False","0"
"user","224223270","Osif","False","False","True","0"
"user","8400109563","(no title)","False","False","True","0"
"channel","1696741593","NIFTI","True","True","False","0"
"channel","1727607197","PLAYER NO 1","True","True","False","0"
"channel","1660760786","×‘×“×™×§×•×ھ 3","True","True","False","0"
"user","6148615900","× ×“×‘","False","False","True","0"
"channel","1680301693","×‍×•× ×™×ک×•×¨","True","True","False","0"
"user","7940057720","×™×”×‘","False","False","True","0"
"user","6415126385","×©×œ×•×‍×™×ھ","False","False","True","0"
"user","119513866","YourBot","False","False","True","0"
"user","8398873352","(no title)","False","False","True","0"
"user","8435922575","(no title)","False","False","True","0"
"user","7323795437","×‍×گ'×¢×‍×–","False","False","True","0"
"user","5021103423","Richard","False","False","True","0"
"chat","977460917","×—× ×•×ھ SLH - ×–×™×¨×ھ ×‍×،×—×¨ ×گ×–×•×¨ ×”×©×¨×•×ں","True","False","False","0"
"user","1598504742","×‘× ×™","False","False","True","0"
"user","8347658741","(no title)","False","False","True","0"
"user","7428462177","(no title)","False","False","True","0"
"user","8341786274","(no title)","False","False","True","0"
"user","1513323938","Chat ID Bot","False","False","True","0"
"user","8202998891","(no title)","False","False","True","0"
"user","7642011813","×،×•×œ","False","False","True","0"
"user","8252413472","×¤×گ×“×™ ×©×›×ں","False","False","True","1"
"user","7943078035","UnlimintDemoPayBot","False","False","True","0"
"user","8153616831","×¦×•×£","False","False","True","1"
"user","7991751339","×™×–×”×¨ ًں¦‹","False","False","True","1"
"user","5938007183","×“×•×§×ک×•×¨ ×’×¨×™×ں(×”×‍×§×•×¨×™)ًںŒ·â‌¤ï¸ڈ","False","False","True","14"
"user","6503577151","Chat id bot","False","False","True","0"
"user","7605427093","(no title)","False","False","True","0"
"chat","797434437","×”×¤×•×¨×•×‌ ×œ×§×™×“×•×‌ ×ھ×™×™×¨×•×ھ ×‍×§×™×™×‍×ھ ×‘×œ×‘ ×’×œ×™×œ","True","False","False","2"
"channel","1179910364","×©×¨×•×ھ×™ ×¤×¨× ×،×” ×¢×ھ×™×“×™×™×‌ (×›×œ×›×œ×” ×‘×œ×©×•×ں ×¢×‘×¨) ×©× ×گ×‍×¨ : ""×گ×ڑ ×ک×•×‘ ×•×—×،×“ ×™×™×¨×“×¤×•× ×™ ×›×œ ×™×‍×™ ×—×™×™""","True","True","False","0"
"user","8210849474","×¢× ×‘×œ","False","False","True","1"
"user","8093855582","(no title)","False","False","True","1"
"user","8275734324","×—×’×™×ھ ×گ×œ×‍×•×’ ًںک‡âڑ•ï¸ڈ","False","False","True","1"
"user","7982132032","×گ×œ×›×، ×ھ×•×¤×™×‌ ×‘×™×ک","False","False","True","1"
"user","7669246228","×،×گ×œ×™ ًں”®","False","False","True","1"
"user","6683215690","(no title)","False","False","True","0"
"channel","1258764452","DRIP (CTO) Community TakeOver","True","True","False","909"
"user","8110841524","×•×¨×“","False","False","True","1"
"user","1260404475","×”×ھ×¤×–×•×¨×ھ ×©×œ ×¤×گ×‘×œ×•","False","False","True","1"
"channel","1287519782","Crypto Signals Trading Binance","False","True","False","2573"
"channel","1773961455","Crypto Pump fun","False","True","False","1"
"user","7737991607","×‍×™×§×™","False","False","True","1"
"user","7759298370","× ×¢×‌ ×”×¨×‘×™","False","False","True","1"
"user","8185446746","×“× ×”","False","False","True","1"
"user","8052340415","×گ×•×¨×™ ×‘×™×ھ×ں","False","False","True","1"
"user","7835094785","(no title)","False","False","True","0"
"user","8101595874","× ×•×¢×‌","False","False","True","1"
"user","8157188681","×¢×™×“×ں ×¨×™×›×ک×¨ ×،×گ×•× ×“×‍×ں","False","False","True","1"
"user","7926144705","×گ×™×‘ًں¤چ(×‍× ×”×œ×ھ ×”×–×‍× ×•×ھ)","False","False","True","0"
"user","7937351185","(no title)","False","False","True","0"
"user","8192274419","×گ×œ×™× ×” (×‍× ×”×œ×ھ ×”×–×‍× ×•×ھ)","False","False","True","0"
"user","8008096382","×گ×•×¤×§ ×”×ھ×™×‍× ×™","False","False","True","1"
"user","7843220612","Michael ًںکژ","False","False","True","8"
"channel","2500238413","×¤×œ×ک×¤×•×¨×‍×ھ Baby girls ×”×‍×•×‘×™×œ×” ×‘×¢×•×œ×‌","False","True","False","0"
"user","8004233647","×’'×•× ×™","False","False","True","1"
"user","7509563623","×‘×¨×§ ×©×›×ں","False","False","True","1"
"user","6167626994","PlayDeck","False","False","True","11"
"channel","2324510206","×”× ×¢×¨×•×ھ ×”×©×•×•×ھ â‌¤ï¸ڈ","False","True","False","0"
"user","5741272273","Ton Console","False","False","True","0"
"user","1518680802","×¢×™×“× ×¦×•'×§ ًںŒ±","False","False","True","0"
"user","7983573320","(no title)","False","False","True","1"
"user","7980117292","×¨×•×™×ک×œ","False","False","True","1"
"channel","1859296534","×”×ھ×¤×¨×™×کًںچ”×©×œ ×“×•×§×ک×•×¨ ×’×¨×™×ںًں‘¨â€چâڑ•ï¸ڈًں’‌","False","True","False","707"
"user","7525837109","×“×¤×™ × ×گ×•×¨ ×§×،×™×• ×گ×™×‍×•×ں ×¨×’×©×™","False","False","True","1"
"user","1352057991","×©×¨×™×ھ","False","False","True","1"
"user","7674823293","×œ×™×گ×•×¨","False","False","True","1"
"user","7659676267","×‍×¢×™×™×ں ×،×•×•×™×، ًںŒˆ","False","False","True","1"
"channel","2096690428","Chat ID","False","True","False","0"
"user","437553608","Aviram","False","False","True","0"
"channel","1798673537","Telegram Premium","False","True","False","3"
"channel","1835053629","(ًں’ژ)FOREX GOLD SINGNAL(ًں’ژ)","False","True","False","404"
"user","7448302606","(no title)","False","False","True","1"
"user","7130697437","Digital Resistance","False","False","True","1"
"user","7601289203","(no title)","False","False","True","1"
"channel","1698117260","EnerVybez","False","True","False","31"
"channel","1568206963","×§×گ× ×” ×§×•× ×§×©×ں - ×”×¢×¨×•×¥ ×”×—×“×©","False","True","False","829"
"user","7880348300","×‍×¢×™×™×ں","False","False","True","1"
"channel","1892377497","God bless you","False","True","False","2"
"user","7635393918","×¨×•× ×ں","False","False","True","1"
"user","7728157421","×©×›×ں ×©×œ ×“× ×™×،","False","False","True","1"
"user","7508048718","×©×™","False","False","True","1"
"user","7616446389","× ×‍×¨×•×“ ×‘×،×™×،×ک","False","False","True","1"
"user","7745098988","(no title)","False","False","True","1"
"user","8100121572","×‍×™×¨×™","False","False","True","1"
"user","7904270402","×گ×™×™×œ×ھ","False","False","True","1"
"user","8065132424","(no title)","False","False","True","1"
"user","7425063972","×©×‍×•×œ×™×§ × ×•×”","False","False","True","1"
"user","7622419889","× ×™×¨","False","False","True","1"
"user","7819869245","×ک×œ ×‘×،×™×،×ک","False","False","True","1"
"user","7437553984","×“×•×¨","False","False","True","1"
"user","7628910544","(no title)","False","False","True","1"
"user","7982730102","(no title)","False","False","True","1"
"user","7552231129","×‘×•×¨×™×،","False","False","True","1"
"user","5305315428","BinanceMaster | Crypto Bot","False","False","True","11"
"user","7509465709","×™×”×•×“×” ×¤×¨×،×™","False","False","True","1"
"channel","2031788734","outhematrix community","True","True","False","18"
"user","7954942177","(no title)","False","False","True","1"
"user","7249432100","Not Pixel","False","False","True","4"
"user","7377173955","×گ×™×¦×™×§","False","False","True","1"
"user","6916090385","HoldCoin","False","False","True","6"
"user","7806247363","×گ×œ×›×،","False","False","True","1"
"user","7915580754","×¢×‍×¨×™","False","False","True","1"
"user","7986897964","(no title)","False","False","True","1"
"user","7697913645","×©×‍×•×œ×™×§","False","False","True","1"
"user","7772889289","×©×¨×•×ں","False","False","True","1"
"user","7942623236","×¨×•×ں ×©×¨×™×گ×¨","False","False","True","1"
"user","7018377276","(no title)","False","False","True","1"
"user","7837460479","×گ×¨×– ×’×¨×¤×™×ک×™","False","False","True","1"
"user","7716391182","×گ×‘×™","False","False","True","1"
"user","7633850173","×¢×•×“×“","False","False","True","1"
"user","7738976827","ً‌گ“ً‌گژً‌گچ ً‌گ± ً‌گچً‌گژً‌گ“ ً‌گ’ً‌گڈً‌گˆً‌گچً‌گ’","False","False","True","37"
"user","7694131974","(no title)","False","False","True","1"
"user","7926582237","maxx","False","False","True","1"
"user","8063712200","× ×¢×‍×™","False","False","True","1"
"user","7725175607","(no title)","False","False","True","1"
"user","7726843185","×“×•×¨","False","False","True","1"
"user","1566182791","×گ×œ×™×”","False","False","True","1"
"user","7890303934","×‘×™''×،","False","False","True","1"
"user","7675191450","×¨×گ×•×£","False","False","True","1"
"user","7466055776","GOATS ًںگگ","False","False","True","0"
"user","7440437426","(no title)","False","False","True","2"
"user","2087250462","Wallet Support Team","False","False","True","0"
"user","7140695621","×–×”×‘×™×ھ","False","False","True","1"
"user","6186257981","Crypto Futures | Marco Hunter ًں¤–","False","False","True","2"
"user","7287076299","×“×’ ًںگ ","False","False","True","1"
"user","7715552923","×œ×گ ×™×•×“×¢ ×‍×™ ×–×”","False","False","True","1"
"user","7572990069","×¨×•× ×”","False","False","True","1"
"user","6631818294","(no title)","False","False","True","0"
"user","6685490986","TON ID","False","False","True","0"
"user","8102965490","×‘×™""×، ×گ3","False","False","True","1"
"user","6363910343","Not Games Bot","False","False","True","0"
"user","178220800","Spam Info Bot","False","False","True","0"
"user","7956086947","×©×•×©\n×›×،×گ×•×ھ","False","False","True","1"
"user","6583452530","Notcoin","False","False","True","0"
"user","7742998547","(no title)","False","False","True","1"
"user","7271606374","×’×¨×¨","False","False","True","1"
"user","7688585307","×¦×—×™","False","False","True","1"
"user","1312214920","(no title)","False","False","True","12"
"user","7629079851","×گ×ھ×™","False","False","True","1"
"user","7886994974","(no title)","False","False","True","1"
"user","7961842850","×گ×œ×” ×گ×‘×گ","False","False","True","1"
"user","7932065553","×¤×™×ک×¨","False","False","True","1"
"user","7045682850","(no title)","False","False","True","2"
"user","8140798987","×‍×•×ک×™","False","False","True","0"
"user","7862020294","×™×¢×œ","False","False","True","1"
"user","480100522","×–×”×¨","False","False","True","0"
"user","7641913648","×‍ض·×–ض¼ض¸×œ ×ک×•ض¹×‘ × ض´×¦ض¼ض·×—ض°×ھض¼ض´×™ ×•ض·×گض²× ض·×¦ض¼ضµ×—ض·","False","False","True","1"
"user","510812668","Menu Builder Help","False","False","True","0"
"user","576184323","Menu Builder Bot","False","False","True","0"
"user","7741155797","(no title)","False","False","True","0"
"user","6725798959","(no title)","False","False","True","0"
"user","140953214","Shugi","False","False","True","0"
"user","7099906947","×™×•× ×ھ×ں","False","False","True","1"
"channel","2221796940","×،×™×’× ×œ×™×‌ ×•×گ×™×ھ×•×ھ×™ ×§×¨×™×¤×ک×•","True","True","False","2"
"user","7516657550","×¨× ×™","False","False","True","1"
"user","6457601170","×™×•×،×™","False","False","True","1"
"channel","1593116258","ًںŒˆ×§×”×™×œ×ھ ''×،×œ×” ×œ×œ×گ ×’×‘×•×œ×•×ھ"" ًںŒ¸","True","True","False","2"
"user","7276870536","34","False","False","True","1"
"user","7431304474","(no title)","False","False","True","1"
"channel","1992580367","Octobits Trading Channel","False","True","False","16"
"user","7216662741","×¨×•×ں","False","False","True","1"
"chat","4560862763","×،×™×’× ×œ×™×‌ ×•×گ×™×ھ×•×ھ×™ ×§×¨×™×¤×ک×•","True","False","False","0"
"user","7506187561","×،×§×،","False","False","True","1"
"user","409790239","(no title)","False","False","True","1"
"user","7221324716","(no title)","False","False","True","1"
"channel","1406874285","ًںچ”×ھ×¤×¨×™×ک â€¢ ×”×¤×¨×—×™×‌ ×©×œ ×‘×™×œ×‘×™ ًں‘©ًںڈ»â€چًں¦°","False","True","False","282"
"user","7418951127","(no title)","False","False","True","1"
"user","7216241488","(no title)","False","False","True","1"
"user","7243923530","×¤×•×¨×¥","False","False","True","1"
"user","5706115093","(no title)","False","False","True","14"
"user","7515854955","ذ®ر€ذ° ذ،","False","False","True","1"
"user","5839253260","Maya","False","False","True","6"
"user","5265807494","×”×™×”×œ×•×‍×ں ًں’ژâœŒï¸ڈ ×œ×§×•×—×•×ھ ×§×‘×•×¢×™×‌ âœŒï¸ڈ","False","False","True","0"
"user","7210669386","×¢×•×‍×¨×™","False","False","True","1"
"user","6530694939","×™×•×گ×œ","False","False","True","1"
"user","7499841978","×گ×،×£ ×‘×™×ھ","False","False","True","1"
"user","7447359622","(no title)","False","False","True","1"
"user","6742446057","×گ×™×™×œ","False","False","True","1"
"user","74376339","Manybot","False","False","True","0"
"user","2130926262","(no title)","False","False","True","21"
"user","7089338369","×گ×“×‍×•×œ×™×§","False","False","True","1"
"user","6634116446","(no title)","False","False","True","2"
"user","6646027531","×¢","False","False","True","1"
"user","424000","Volunteer Support","False","False","True","0"
"user","6811541931","×گ×ھ×™ ×گ×،×•×œ×™×ں","False","False","True","1"
"user","5325908415","Tutorial","False","False","True","0"
"user","7477764778","×œ×™×‍×•×¨ ×§.","False","False","True","1"
"user","7456719889","×گ×¤× ×ں ًںŒˆ","False","False","True","1"
"user","5696708521","Profit CryptoTrades Bot ًں¤–","False","False","True","0"
"user","166035794","GameBot","False","False","True","0"
"user","6900062566","×گ×œ×™× ×”","False","False","True","1"
"user","6904253020","(no title)","False","False","True","1"
"user","5238689720","Faisal_shaikhâ‌¤ï¸ڈâ€چًں”¥","False","False","True","0"
"user","117054132","Merchant","False","False","True","0"
"user","337704241","Shop Bot","False","False","True","0"
"user","1877036958","Smart Glocal test","False","False","True","0"
"user","5322214758","(no title)","False","False","True","0"
"channel","2177949578","×گ×•×”×œ ×گ×•×،×™×£ ×”×©×§×¢×•×ھ","False","True","False","0"
"user","5249057655","BillLineDev payments","False","False","True","0"
"user","7393668890","×œ×•×“×‍×™×œ×”","False","False","True","1"
"user","6962454549","× ×™× ×”","False","False","True","1"
"user","7018368922","Hamster Kombat","False","False","True","0"
"user","6101007413","Community","False","False","True","0"
"user","6704011196","OctoBits BOT Trade","False","False","True","0"
"user","7497393176","×‘×œ","False","False","True","1"
"user","7444517223","(no title)","False","False","True","1"
"user","6975069172","(no title)","False","False","True","1"
"user","7002370094","×گ×“×‌","False","False","True","1"
"user","6877540242","(no title)","False","False","True","1"
"user","6862663337","×گ×¨×™×گ×œ ×‘×“","False","False","True","1"
"user","7168909069","(no title)","False","False","True","1"
"user","7144308752","×™×•× ×ھ×ں","False","False","True","1"
"user","6200550520","×¢×•×“×“ ًںŒ¹ًںڑ€ًں‘¼","False","False","True","1"
"user","6524415898","×گ×™×œ× ×™×ھ ×“×•×“","False","False","True","1"
"user","1321916953","(no title)","False","False","True","0"
"user","1265422187","Marvelâ€¢MarjiuanaMenâ„¢","False","False","True","0"
"user","7094667354","×‘×ھ×™×”","False","False","True","1"
"user","7199392942","Sarah Goldberg ×¨×•×‘","False","False","True","1"
"user","7110526906","×گ×‘×¨×”×‌","False","False","True","1"
"user","7107349342","(no title)","False","False","True","1"
"user","6789821490","(no title)","False","False","True","1"
"user","6888024653","×گ×™×ھ×‍×¨","False","False","True","1"
"user","7117120855","×¨×–","False","False","True","1"
"user","7072795731","×¨×•×ھ×™","False","False","True","1"
"user","6328678290","×§×¨×ں","False","False","True","1"
"user","7112300613","×”×™×œ×”","False","False","True","1"
"user","7132500510","×¢×‍×™×ھ×™","False","False","True","1"
"user","6621290884","(no title)","False","False","True","1"
"user","6878013507","(no title)","False","False","True","1"
"user","7105863039","×ک×•×‘×” ×’×¨×™×ں ×œ×•×™","False","False","True","1"
"user","6325583049","(no title)","False","False","True","1"
"user","7046295623","×گ×™×œ× ×”","False","False","True","1"
"user","6355405824","(no title)","False","False","True","1"
"user","7196608939","× ×’×”","False","False","True","1"
"user","7006843873","×¨×‌","False","False","True","1"
"user","7183044683","×گ×—×‍×“ ×©×œ×‘×™ ×©×¢×¨ ×¤×ھ×— ×ھ×§×•×•×”","False","False","True","1"
"user","6478410121","(no title)","False","False","True","1"
"user","6853083430","×،×ھ×™×• ×گ×•. ×¨×‘×ں","False","False","True","1"
"user","7069842145","(no title)","False","False","True","1"
"user","7186420012","(no title)","False","False","True","1"
"user","7091972732","×ک×œ×™","False","False","True","1"
"user","5157343022","DR.DRE","False","False","True","1"
"user","1255782109","(no title)","False","False","True","0"
"user","6787639017","(no title)","False","False","True","1"
"user","6844223761","(no title)","False","False","True","1"
"user","6955994227","×¢×™×“×ں ًں–ٹï¸ڈ","False","False","True","1"
"user","6388874065","(no title)","False","False","True","1"
"user","6040058888","(no title)","False","False","True","1"
"user","6754974033","×‘×ں","False","False","True","1"
"user","6865702430","×گ×¨×–","False","False","True","1"
"user","6736646008","×¨×•×¢×™","False","False","True","1"
"user","6548253659","×‘×™''×، ×گ4","False","False","True","1"
"user","6505345853","×ک×œ ًں¦‹","False","False","True","1"
"user","1762473671","× ×œ×™","False","False","True","0"
"user","6701371619","(no title)","False","False","True","1"
"user","6495870370","×‘× ×™×‍×™×ں ×،×¤×¨","False","False","True","1"
"user","926646155","âککï¸ڈ×’×‘×¨×ھ ×”×•×•×™×“âککï¸ڈ(×”×‍×§×•×¨×™×ھ)","False","False","True","0"
"user","6458693638","×گ×©×“×•×“ ×گ×›×™×œ×™×‌ ×‘×گ×¦×™×‌ ×‘×گ×¦×•× ×™×‌","False","False","True","0"
"user","6898946458","×¢× ×‘×œ","False","False","True","1"
"user","6756800214","×گ×‍×•× ×”","False","False","True","1"
"user","6424451879","(no title)","False","False","True","1"
"user","1007891793","×‘×گ×،×ک×¨ ×‘×گ×§×،×ک×¨","False","False","True","0"
"channel","1919022043","×ھ×¤×¨×™×ک ًںژ¤- ×©×œ×‍×” ×گ×¨×¦×™ ًں‡؛ًں‡¸","False","True","False","1"
"user","6257860648","×‘×™×ک×§×•×™×ں ×§×¨×™×¤×ک×• ×‍×ک×‘×¢×•×ھ ×”×©×§×¢×•×ھ","False","False","True","0"
"user","6962312998","×گ×œ×•×ں","False","False","True","1"
"channel","1669790007","×œ×”×–×‍× ×•×ھ ×©×ک×¨×•×ھ","False","True","False","1"
"user","6834623908","×‍×گ×™×” ×–×‘×¨×”","False","False","True","1"
"user","6709899267","×گ×™×ھ×™ ×،×”×¨","False","False","True","1"
"user","6458542766","×‍×™×¨×‘","False","False","True","1"
"user","6984501168","×¢×•×¨×ڑ ×“×™×ں","False","False","True","1"
"user","6646223507","×‍×™×ک×œ ×”×¤×’× ×”","False","False","True","1"
"user","6960141555","(no title)","False","False","True","1"
"user","6880203399","(no title)","False","False","True","1"
"user","6979821985","×—× ×”","False","False","True","1"
"user","6466974138","×‘×¨-×گ×•×¨×™×™×ں ×¦'×•×§","False","False","True","1"
"user","6934221749","×گ×™×¨×™×، ×‍×–×©''×گ","False","False","True","1"
"user","1188522442","×ھ×¤×–×•×¨×ھ ×™×©×¨×گ×œ","False","False","True","0"
"user","6343254729","×¨×‘×§×” ًںڈ©","False","False","True","1"
"user","6500763443","×گ×‘×™ ًںھ¬","False","False","True","1"
"user","6920535781","×گ×™×’×•×¨ ًںŒˆًں’–ًںŒٹًںڑ€â™¾ï¸ڈ","False","False","True","1"
"user","6790431510","×œ×•×™ 0:","False","False","True","1"
"user","6809693450","(no title)","False","False","True","1"
"user","5688555295","×‍×™×” ًں¦‹","False","False","True","1"
"user","6826402238","×ھ×œ×‍×™×“ ×¨×•×ں","False","False","True","1"
"user","5803012556","×™×•× ×™","False","False","True","1"
"user","6798014442","× ×—×•×‌","False","False","True","1"
"user","6513894113","×§×•×‘×™ ×¤×™×™×‘×،×§×™","False","False","True","1"
"user","6848508430","(no title)","False","False","True","1"
"user","6960452701","×گ× ×”","False","False","True","1"
"user","6840066447","(no title)","False","False","True","1"
"user","6450244522","×‍×¨×™","False","False","True","0"
"user","6255029568","(no title)","False","False","True","1"
"user","6742282774","(no title)","False","False","True","1"
"user","6603159463","(no title)","False","False","True","1"
"user","6821848554","×’'×گ×‘×¨","False","False","True","0"
"user","6887227211","×گ×‘×•","False","False","True","1"
"user","6547072737","×¦×—×™ ×©×‍×™","False","False","True","1"
"user","6878126429","×گ×‘×™ ًں™ڈ","False","False","True","1"
"user","6845698184","(no title)","False","False","True","1"
"user","6976504437","×گ×‘× ×¨ ×”×‍×œ×ڑ ًں‘‘","False","False","True","1"
"user","6640368633","(no title)","False","False","True","1"
"user","6649123954","×‍×¨×™×گ×œ×”","False","False","True","1"
"user","6021705659","AI-TRADE BOT | Crypto Futures","False","False","True","0"
"user","6852572286","(no title)","False","False","True","1"
"user","6614047205","(no title)","False","False","True","1"
"user","6744887965","×—×’×™×ھ ×گ×™×œ×™×™","False","False","True","1"
"user","6762480373","×گ×•×¨ ×§×‍×™× ×،×§×™","False","False","True","1"
"user","6898831211","×گ×•×©×¨×™×ھ","False","False","True","1"
"user","6480626477","×گ×•×¨×œ×™","False","False","True","1"
"user","6988040445","×‍×“×¨×™×›×™×‌","False","False","True","1"
"user","6579898594","×گ×‍× × ×›×›×‘","False","False","True","1"
"user","6803504047","(no title)","False","False","True","1"
"user","6653044828","(no title)","False","False","True","1"
"user","6909124313","× ×¢×‌","False","False","True","1"
"user","6765002754","×œ×™×œ×•×©","False","False","True","1"
"user","6705195104","×¤×¨×“×™ ×‘×™×ھ ×‘×¨×œ ×‘×™×ھ ×‘×¨×œ","False","False","True","1"
"user","6756382034","×•×گ×œ×™","False","False","True","1"
"user","6876465711","×¢×™×“×•","False","False","True","1"
"user","6332323773","×گ×•×“×™","False","False","True","1"
"user","1572719364","×™×¤×¢×ھ","False","False","True","0"
"user","6871045169","(no title)","False","False","True","1"
"user","6925711224","× ×—×‍×ں ×گ×‍×،×œ×‌ ×گ×•×œ×’×” ×©×›×ں","False","False","True","1"
"channel","2130102256","×‘×™×ھ ×‍×¨×§×—×ھ ×•×¨×™×¤×•×™ ×”×•×œ×™×،×ک×™ ×œ×—×‘×¨×™ ×،×œ×” ×œ×œ×گ ×’×‘×•×œ×•×ھ","False","True","False","0"
"user","6059239587","×›×¨×‍×œ×”","False","False","True","1"
"chat","4087478826","×‘×™×ھ ×¨×¤×•×گ×” - ×،×œ×” ×œ×œ×گ ×’×‘×•×œ×•×ھ","True","False","False","0"
"user","6616391054","×¢×‍×™×ھ ×§×گ×™","False","False","True","1"
"user","5821059610","(no title)","False","False","True","1"
"user","6240800493","×™×•×œ×™×”","False","False","True","1"
"user","6563327554","×©×•×œ×‍×™×ھ","False","False","True","0"
"user","6449538824","×”×œ×œ×™","False","False","True","1"
"user","6622989280","(no title)","False","False","True","1"
"user","6562323408","×—×’×™","False","False","True","1"
"user","6470643545","×©×—×¨ ×گ×œ×§×ک×¨×• ×گ×•×ک×•","False","False","True","0"
"user","6442194978","× ×™×ھ×گ×™","False","False","True","1"
"user","6520207313","×©×™ ×¨×•× ×ں","False","False","True","1"
"user","6561491535","(no title)","False","False","True","1"
"user","6557184074","× ×، ًں’¢","False","False","True","1"
"user","6410770485","×“×•×“","False","False","True","0"
"user","6486467248","(no title)","False","False","True","0"
"user","6468337085","×¦×œ×™×œ","False","False","True","1"
"user","6247975093","×—×–×™","False","False","True","1"
"chat","606079998","×ھ× ×•×¢×ھ ×گ×—×“×•×ھ - ×”×ھ× ×•×¢×” ×œ×‘×™×–×•×¨ ×”×›× ×،×ھ","True","False","False","3"
"user","6659916976","× ×ھ× ×گ×œ-","False","False","True","1"
"user","6451851017","(no title)","False","False","True","1"
"user","6618703368","(no title)","False","False","True","1"
"user","6313894097","(no title)","False","False","True","1"
"chat","408052031","×‍×ھ×—×™×œ×™×‌ ×گ×ھ ×”×“×•×§×• ًںک‰","True","False","False","1"
"user","6560017354","×™×¤×ھ×— ×¤×،×™×›×•×œ×•×’","False","False","True","1"
"user","5890123667","×گ×™×œ×ں ×‘×™×گ×œ×•×،","False","False","True","1"
"user","6596517079","×،×™×£","False","False","True","1"
"user","6675661937","Crypto Signals Trading Pumps","False","False","True","0"
"channel","1704984226","× ×•×¤×© ×¦×™×‍×¨×™×‌ | ×•×™×œ×•×ھ | ×‍×ھ×—×‍×™ × ×•×¤×©","True","True","False","3"
"user","6309093994","×،×گ×œ×™","False","False","True","0"
"user","6626559115","×گ×‘×™","False","False","True","1"
"user","6367542522","(no title)","False","False","True","1"
"user","6682354795","×–×™×•","False","False","True","1"
"user","6676843430","×”×•×¤×¢×”","False","False","True","1"
"user","6362620063","×گ×‍×™×¨","False","False","True","1"
"user","6385169438","×،×•×¤×”","False","False","True","1"
"user","6657527310","×™×•×”×ں","False","False","True","1"
"user","620324913","×‍×¨×“×›×™","False","False","True","1"
"user","6504160239","(no title)","False","False","True","1"
"user","6448362563","×©×¤×¨×”","False","False","True","1"
"user","6391277981","(no title)","False","False","True","1"
"user","6647098063","×¨×ں","False","False","True","1"
"user","5734657187","×œ×™×‘×•","False","False","True","1"
"user","6279021239","×¢× ×ھ ×¨×•×‘×، ×،×‍×¨","False","False","True","1"
"user","6444433287","×گ×™×ھ×‍×¨ ×¤×™×™×،×‘×•","False","False","True","1"
"user","6336229615","×™×¨×•×§×ھ","False","False","True","1"
"user","6681688364","×—×‍×™","False","False","True","1"
"user","6343507447","(no title)","False","False","True","1"
"user","6007746665","×¨×•×¢×™","False","False","True","1"
"user","6414427377","×“× ×™×گ×œ","False","False","True","1"
"user","6694368206","×©×œ×•×‍×™","False","False","True","1"
"user","6545593661","×™× ×™×‘ ×™×•×ھ×‌","False","False","True","1"
"user","6673721696","(no title)","False","False","True","1"
"user","6697047264","×گ×ھ×™","False","False","True","1"
"user","6660682162","×œ×™×‍×•×¨","False","False","True","1"
"user","6644607515","(no title)","False","False","True","0"
"user","6397965294","×©×™","False","False","True","1"
"user","6275209243","(no title)","False","False","True","1"
"user","6412646252","×™×•×،×¤×”","False","False","True","1"
"user","6262215521","× ×“×‘","False","False","True","1"
"user","6540266217","×گ×¨× ×•×ں","False","False","True","1"
"user","6582387550","×¨×گ×œ×£","False","False","True","1"
"user","6443518338","×‍×ھ×ں","False","False","True","1"
"user","6589968651","×گ×œ×” ×¤×™× ×ھ ×™×©×™×‘×”","False","False","True","1"
"user","6361319650","×’'×‘×¨ ًںŒ¸","False","False","True","1"
"user","6490553339","(no title)","False","False","True","1"
"user","6594622823","× ×“×™×”","False","False","True","1"
"user","6416602176","×¨×™× ×ھ","False","False","True","1"
"user","6447004170","×گ×œ×•×ں ×گ×‘×¨×•×ں","False","False","True","1"
"channel","1790212766","×§×‘×•×¢×™×‌ ×‍×¨ ×¤×™× ×§â‌¤ï¸ڈâ€چًں”¥â‌„ï¸ڈ","False","True","False","1"
"user","6416717368","×گ×™×™×œ ×”×‍×ھ×•×¤×£","False","False","True","0"
"user","6292868536","(no title)","False","False","True","0"
"user","5797527396","moris","False","False","True","0"
"user","6099872359","(no title)","False","False","True","0"
"user","6392050969","(no title)","False","False","True","0"
"user","6476116184","×©×‍×¢×•×ں","False","False","True","0"
"user","6526568211","×“× ×™×ھ","False","False","True","0"
"user","6565898366","(no title)","False","False","True","0"
"user","6289589413","(no title)","False","False","True","0"
"user","5945624816","×‍×ھ×ں ×،×§×،","False","False","True","0"
"user","6530476608","(no title)","False","False","True","0"
"user","6618019915","(no title)","False","False","True","0"
"user","6478950104","×¢× ×ھ ×©×¨×£","False","False","True","0"
"user","6686450391","×’×“ ×œ×‘","False","False","True","0"
"user","6360293500","ًںھ¨","False","False","True","0"
"user","6499824914","×©×™×”×’×‘×¨×”","False","False","True","0"
"user","6695581382","ط¯ظ‡ط¨ظ‡","False","False","True","0"
"user","5878286927","×¤×™×¨×، ×‍×’×‘ â‌¤ï¸ڈًںکچًں™ڈ","False","False","True","0"
"user","6005713571","(no title)","False","False","True","0"
"user","6408960418","×¢×‍×™ ×¤×™×§×، ×—×©×‍×œ×گ×™ ×¨×›×‘","False","False","True","0"
"user","6608879181","×گ×™×œ× ×” ًںŒ±","False","False","True","0"
"user","5910647266","(no title)","False","False","True","0"
"user","5553929290","ًں’ژâڑ،ï¸ڈAngel Dust Ordersâڑ،ï¸ڈًں’ژ(×œ×گ ×‘×©×‘×ھ)","False","False","True","0"
"user","2118942430","(no title)","False","False","True","0"
"user","5733664030","(no title)","False","False","True","0"
"user","6091703827","(no title)","False","False","True","0"
"user","6048269567","(no title)","False","False","True","0"
"user","6317552913","×œ×™×‍×•×¨ ×›×¨×،× ×ک×™","False","False","True","0"
"user","6559488803","×”×’×¨","False","False","True","0"
"user","5478211278","×¢×‍×™×ھ","False","False","True","0"
"user","6127920665","(no title)","False","False","True","0"
"user","248268120","E","False","False","True","0"
"user","6212300460","×¦×‘×™×”","False","False","True","0"
"user","6245446189","(no title)","False","False","True","0"
"user","6256076039","467","False","False","True","0"
"user","6375473223","×گ×‘×• ×–×•×–","False","False","True","0"
"user","5919576096","(no title)","False","False","True","0"
"user","5913156971","× ×•×œ×”","False","False","True","0"
"user","6381869564","×‍×ھ×ں ×©×ک×¨×ں","False","False","True","0"
"user","6394579322","×™× ×™×‘","False","False","True","0"
"user","6056619143","(no title)","False","False","True","0"
"user","6178301921","(no title)","False","False","True","0"
"user","6098178399","×،×œ×•×گ","False","False","True","0"
"chat","845601554","×’×œ×¨×™×™×ھ NFT ×”×‘× ×§ ×”×‘× ×•× ×™ ×”×¨×گ×©×•×ں","True","False","False","0"
"user","6039632199","(no title)","False","False","True","0"
"user","1469173312","Xoi","False","False","True","0"
"user","6094773549","(no title)","False","False","True","0"
"user","6043224568","×گ×‘×™","False","False","True","0"
"user","6212330433","×‍×گ×•×¨ ×گ×•×¨ ×•×¨","False","False","True","0"
"user","6070567333","×گ×—×™× ×¢×‌","False","False","True","0"
"user","5535687670","×گ×•×¨×œ×™ ×’×ں","False","False","True","0"
"user","2094940625","Shani","False","False","True","0"
"user","6148187818","ًں‡®ًں‡± ×©×œ×‍×” ×گ×¨×¦×™","False","False","True","0"
"user","5854560228","×،×œ×‘×” ×‍×•×¨×”","False","False","True","0"
"user","6093529892","×‍×‍×©","False","False","True","0"
"user","5291682995","(no title)","False","False","True","0"
"user","5740640947","(no title)","False","False","True","0"
"user","6146520829","×گ×‍×™×¨","False","False","True","0"
"user","6070430181","ط¹ظ†ط§ظ† ×¢× ×ں","False","False","True","0"
"user","6140987155","×©×¤×¢ - ×™×¢×¨×” ×¨×‘×• ×گ×™×–× ×‘×¨×’","False","False","True","0"
"user","5152528527","Maya","False","False","True","0"
"user","198280640","(no title)","False","False","True","0"
"user","600535310","stata","False","False","True","0"
"user","5998626638","×œ×™×¨×•×ں","False","False","True","0"
"user","6166922320","× ×—×•×‌","False","False","True","0"
"user","5917031543","×™×•× ×™","False","False","True","0"
"user","6106680190","(no title)","False","False","True","0"
"user","6020519437","(no title)","False","False","True","0"
"user","6105275962",".","False","False","True","0"
"user","6120397654","×¢×“×™","False","False","True","0"
"user","940588007","×’×œ","False","False","True","0"
"user","6031654179","(no title)","False","False","True","0"
"user","6088197535","(no title)","False","False","True","0"
"user","6072815973","DK DRE ًںژ¤","False","False","True","0"
"chat","895607449","×”×—× ×•×ھ ×©×œ ×گ×•×،×™×£","True","False","False","0"
"user","5642734963","×ھ","False","False","True","0"
"user","1750214541","(no title)","False","False","True","0"
"user","6277904807","(no title)","False","False","True","0"
"user","5717628056","×”×™×œ×” ًںچƒ","False","False","True","0"
"user","6066859002","× ×•×¢×‌","False","False","True","0"
"user","5885016055","(no title)","False","False","True","0"
"user","6251960800","× ×™×¦×ں ×’×ں","False","False","True","0"
"user","5959235564","×‘×•×¢×– ×§×™×™×ک× ×”","False","False","True","0"
"user","6139306802","(no title)","False","False","True","0"
"user","6038236017","×¨×—×œ","False","False","True","0"
"user","1452529450","Naama","False","False","True","0"
"user","1644296920","Mina.Ma","False","False","True","0"
"user","298212025","Matanya Haim","False","False","True","0"
"user","6246543726","(no title)","False","False","True","0"
"user","118211023","Tali M","False","False","True","0"
"user","1493283532","×‍×™×§×”","False","False","True","0"
"channel","1720994934","×–×™×¨×ھ ×”×‍×،×—×¨ ×‘SLH","True","True","False","0"
"chat","782640631","×’×œ×¨×™×” ×،×œ×” ًںŒ¼ SeLaH Gallery","True","False","False","0"
"channel","1521930137","×’×œ×¨×™×” ×،×œ×” ًںŒ¼ SeLaH Gallery","True","True","False","0"
"user","5826333929","×‍×گ×™×¨","False","False","True","0"
"user","6153587907","×گ×™×ھ×™","False","False","True","0"
"user","6126624124","×¨×¢× ×ں","False","False","True","0"
"user","6025046721","× ×“×‘","False","False","True","0"
"user","1792184564","(no title)","False","False","True","0"
"user","5680283511","Azq","False","False","True","0"
"user","353061007","×‘×•×‘ ×©× ×™×گ×•×¨ ×©×ک×¨×ں","False","False","True","0"
"user","6070255356","×،×•×‘×¢","False","False","True","0"
"user","5977959116","(no title)","False","False","True","0"
"user","98488981","Tal","False","False","True","0"
"chat","911482701","×،×•×¤×¨ SLH ×،× ×™×£ ×‍×¨×›×–","True","False","False","0"
"chat","745409592","ًںŒˆ×§×”×™×œ×ھ ''×،×œ×” ×œ×œ×گ ×’×‘×•×œ×•×ھ"" ًںŒ¸","True","False","False","0"
"user","1601360144","(no title)","False","False","True","0"
"user","1169869862","ًں’ژâڑ،ï¸ڈAngel","False","False","True","0"
"user","1571185364","×گ×™×ھ×™ ×§×•×¤×¨","False","False","True","0"
"user","6242475363","×©× ×™","False","False","True","0"
"user","6166626365","×‍×›×گ×œ","False","False","True","0"
"user","6211314565","×›×گ×œ\n×©×™×¨×ں","False","False","True","0"
"user","5894283260","×گ×“×•×•×” ×—×’×™","False","False","True","0"
"user","6124398894","×گ×‘×™×¨×‌","False","False","True","0"
"user","5905887266","×©×•×‘×œ -","False","False","True","0"
"user","5996466781","×گ×¨×™","False","False","True","0"
"user","77582258","×©×§×“ ×¨×‘.","False","False","True","0"
"user","6191000231","(no title)","False","False","True","0"
"user","6037606377","×گ×•×¨×™ ×¤×گ×–×”","False","False","True","0"
"user","6014811313","(no title)","False","False","True","0"
"user","6021860560","(no title)","False","False","True","0"
"user","6130561514","×ھ×‍×™×¨","False","False","True","0"
"user","5691474807","(no title)","False","False","True","0"
"user","5994253045","×œ×™×¨×™","False","False","True","0"
"user","5842691145","×ھ×‍×™×¨ ًں¤گ","False","False","True","0"
"user","1753625397","×¨×¤×گ×œ","False","False","True","0"
"user","560381991","(no title)","False","False","True","0"
"user","5949971368","(no title)","False","False","True","0"
"user","5978504414","×¢× ×ھ","False","False","True","0"
"user","5959250048","(no title)","False","False","True","0"
"user","5934054400","(no title)","False","False","True","0"
"user","5960030272","(no title)","False","False","True","0"
"user","953122755","×گ×•×¨×— 1","False","False","True","0"
"user","660936734","(no title)","False","False","True","0"
"user","5985762426","(no title)","False","False","True","0"
"user","5869788173","(no title)","False","False","True","0"
"channel","1287293848","Night girlsâ„¢ï¸ڈ â‍– ×¦×¤×•×ں","False","True","False","0"
"user","5467530735","(no title)","False","False","True","0"
"user","5910433882","×گ×œ×™×’","False","False","True","0"
"user","880238290","×ھ× ×™×گ","False","False","True","0"
"user","1386950064","ذگذ»ذµذ؛رپذ°ذ½ذ´ر€","False","False","True","0"
"user","5961171828","(no title)","False","False","True","0"
"user","5550366832","(no title)","False","False","True","0"
"user","5721240261","×ھ×‍×¨ ًںگ¾","False","False","True","0"
"user","5905759849","(no title)","False","False","True","0"
"user","5693068447","(no title)","False","False","True","0"
"user","5391601197","×‍×•×ک×™","False","False","True","0"
"user","845087363","(no title)","False","False","True","0"
"user","5700879638","(no title)","False","False","True","0"
"user","5809543321","(no title)","False","False","True","0"
"user","5264645618","(no title)","False","False","True","0"
"user","5879994627","×©×œ×™","False","False","True","0"
"user","5872248877","(no title)","False","False","True","0"
"user","5876330079","×گ×•×©×¨×™×ھ","False","False","True","0"
"user","5691256365","×“×¤× ×”","False","False","True","0"
"channel","1189343132","×گ×™×œ×ھ-×ھ×œ ×گ×‘×™×‘ ×•×”×‍×¨×›×– ×ک×œ×’×¨×گ×، ×›×™×•×•× ×™×‌","False","True","False","0"
"user","5802701898","(no title)","False","False","True","0"
"user","5923512148","×™×گ×™×¨","False","False","True","0"
"user","5857399210","×›×™×ھ×”","False","False","True","0"
"user","5973179761","×’×™×œ ?","False","False","True","0"
"user","5722433622","×گ×‘×™×¨","False","False","True","0"
"user","5972535833","×”×گ×¤×،.","False","False","True","0"
"user","1055368754","×¢×•×‍×¨","False","False","True","0"
"user","5946856008","(no title)","False","False","True","0"
"user","5858787643","(no title)","False","False","True","0"
"user","5966804376","(no title)","False","False","True","0"
"user","5618048010","(no title)","False","False","True","0"
"channel","1156024132","×”×›×¨×•×™×•×ھ","False","True","False","0"
"user","5876191446","(no title)","False","False","True","0"
"user","5608469193","×—× ×ں","False","False","True","0"
"user","5898279134","(no title)","False","False","True","0"
"user","5859506391","(no title)","False","False","True","0"
"channel","1144001068","×¤×ک×¨×™×•×ھ | Mushrooms","False","True","False","0"
"user","369433744","ًںŒچ Ulya Mori","False","False","True","0"
"user","5923430971","(no title)","False","False","True","0"
"user","5611522370","(no title)","False","False","True","0"
"user","5892101551","×گ×•×¨×™","False","False","True","0"
"user","5979167066","(no title)","False","False","True","0"
"user","5659131395","(no title)","False","False","True","0"
"user","5753625533","(no title)","False","False","True","0"
"user","5776331955","(no title)","False","False","True","0"
"user","5755675857","(no title)","False","False","True","0"
"user","5766110938","×“×™×§×œ×” ًںچ‌ًں«•","False","False","True","0"
"user","5778455244","×گ×‍×™×¨ ×‍×’×‘","False","False","True","0"
"user","5778687652","×“× ×™","False","False","True","0"
"user","5302810632","(no title)","False","False","True","0"
"user","5452211700","(no title)","False","False","True","0"
"user","1414299740","(no title)","False","False","True","0"
"user","5052082554","(no title)","False","False","True","0"
"user","5496072591","(no title)","False","False","True","0"
"user","5650843884","(no title)","False","False","True","0"
"user","5716723420","(no title)","False","False","True","0"
"user","5574099904","(no title)","False","False","True","0"
"user","5655534892","(no title)","False","False","True","0"
"user","5435108685","×©×گ×•×œ×™","False","False","True","0"
"user","5734109677","(no title)","False","False","True","0"
"user","5638619648","(no title)","False","False","True","0"
"user","5613363744","(no title)","False","False","True","0"
"user","5719662316","(no title)","False","False","True","0"
"user","366997336","×‍×•×¨ ًںŒ¸","False","False","True","0"
"user","5726726291","(no title)","False","False","True","0"
"channel","1794604091","×،×•×•×•×œ","True","True","False","0"
"user","5785672676","×گ×¨×™×گ×œ","False","False","True","0"
"user","1917265484","×ک×œ×™ ×”×‍×•×©","False","False","True","0"
"user","5761658523","×“× ×™ ×‍×،×“×”","False","False","True","0"
"user","5456523019","(no title)","False","False","True","0"
"user","5398929564","(no title)","False","False","True","0"
"user","5181659836","(no title)","False","False","True","0"
"user","5488344509","×¢×™×“×ں ×¢×“×™","False","False","True","0"
"user","1888104101","@.MrCoCaIL","False","False","True","0"
"user","1121852271","(no title)","False","False","True","0"
"user","5742366331","×گ×œ×™× ×•×¨","False","False","True","0"
"user","5690599462","(no title)","False","False","True","0"
"user","5646901936","(no title)","False","False","True","0"
"user","1393849577","ً‌™’ً‌™€ ًںچپ ً‌™‚ً‌™چً‌ک¼ً‌™ژً‌™ژ","False","False","True","0"
"user","5599584421","×¢× ×¨","False","False","True","0"
"chat","714523730","×§×”×™×œ×ھ ×©×¤×¢ ×•×›×œ×›×œ×”","True","False","False","0"
"user","5470849311","(no title)","False","False","True","0"
"user","5417908374","×گ×‘×™","False","False","True","0"
"user","5588880188","(no title)","False","False","True","0"
"user","5488761933","×’×œ ×‘×™×ک","False","False","True","0"
"user","5416227023","×گ×ھ×™×گ×œ × ×©×¨","False","False","True","0"
"user","5585702308","(no title)","False","False","True","0"
"user","5584182589","(no title)","False","False","True","0"
"user","5504925085","(no title)","False","False","True","0"
"channel","1705828894","×§×™×“×•×‌ ×¢×،×§×™×‌","False","True","False","0"
"user","5485136281","×ک× ×™×•×©","False","False","True","0"
"user","5542411161","×‍×¨×™× ×” ×¢×™×ں","False","False","True","0"
"user","5467643740","(no title)","False","False","True","0"
"user","5368351467","(no title)","False","False","True","0"
"user","5312340890","ظˆط§ط¦ظ„","False","False","True","0"
"user","5487834493","(no title)","False","False","True","0"
"user","5481124234","(no title)","False","False","True","0"
"chat","649375056","×‍×—×گ×ھ ×”×“×™×•×¨ 2022 ×¢×“×›×•× ×™×‌","True","False","False","0"
"user","5364934275","Linoy","False","False","True","0"
"user","5454026953","(no title)","False","False","True","0"
"user","5368754856","(no title)","False","False","True","0"
"user","161722872","Surgeon013","False","False","True","0"
"user","1466101314","(no title)","False","False","True","0"
"user","5592378333","×§×¨×™×™×¨","False","False","True","0"
"user","5513660520","×¨×•× ×™×ھ","False","False","True","0"
"user","5425299076","×©×™","False","False","True","0"
"user","5522993259","(no title)","False","False","True","0"
"user","5400422420","×œ×™×گ×•×¨","False","False","True","0"
"user","5433700776","×’×ں","False","False","True","0"
"user","5115987637","(no title)","False","False","True","0"
"user","5364286999","× ×™×¨","False","False","True","0"
"user","5372608103","×’'×•×گ×œ ×‘×،×™×،×ک×™×ھ","False","False","True","0"
"user","5158602941","(no title)","False","False","True","0"
"user","5379479089","×’×•×œ×ں","False","False","True","0"
"user","1408409990","(no title)","False","False","True","0"
"user","5306572733","(no title)","False","False","True","0"
"user","5356308828","×“× ×™×گ×œ ×¨×•×ک×©","False","False","True","0"
"user","5368660479","(no title)","False","False","True","0"
"user","5006376467","(no title)","False","False","True","0"
"channel","1438277331","×‍×“×¨×™×›×™×‌ ×•×‍×™×‍×•× ×™×‌ ×”×،×‘×¨×™×‌","False","True","False","0"
"user","5315528955","×،×•×¤×™","False","False","True","0"
"user","976690865","(no title)","False","False","True","0"
"user","5325072990","×گ×•×¨×œ×™","False","False","True","0"
"user","5347601908","(no title)","False","False","True","0"
"user","5312197981","(no title)","False","False","True","0"
"user","5350017778","×™×¨×•×ں","False","False","True","0"
"user","5311067638","×‍×™×¨×™","False","False","True","0"
"user","5333705154","(no title)","False","False","True","0"
"channel","1294206097","×›×™×•×•× ×™×‌ ×—×™×¤×”","False","True","False","0"
"user","5228917748","(no title)","False","False","True","0"
"user","5112060750","(no title)","False","False","True","0"
"user","5289424430","(no title)","False","False","True","0"
"user","5166622389","(no title)","False","False","True","0"
"user","5192441305","×“×§×œ","False","False","True","0"
"user","5168925488","×گ×‍×™×¨ ×”'","False","False","True","0"
"user","5251115390","×¢× ×ھ","False","False","True","0"
"user","5252412110","(no title)","False","False","True","0"
"user","5218428493","×™×گ×™×¨","False","False","True","0"
"user","5215337430","(no title)","False","False","True","0"
"user","5284610669","×گ×œ×™","False","False","True","0"
"channel","1151913572","×©×¢×¨ ×’×گ×•×œ×” ×‘×ھ ×—×¤×¨","True","True","False","0"
"user","5263173660","(no title)","False","False","True","0"
"user","1205241554","×‍×›×•× ×” ×—×™×¤×گ×™×ھâ„¢ï¸ڈ â›”ï¸ڈ×œ×گ ×‘×،×™×§×¨×ک","False","False","True","0"
"user","5140789738","(no title)","False","False","True","0"
"user","5284761364","×•×™×§ ×‘×™×ک","False","False","True","0"
"user","5141776510","(no title)","False","False","True","0"
"user","5259843399","(no title)","False","False","True","0"
"user","5269415970","×™×•×¨×™ ×،×§×،×•×¤×•×ں","False","False","True","0"
"user","5261075584","×•×™×§×ک×•×¨×™×” ×¢×•×–×¨×ھ","False","False","True","0"
"user","5223581324","(no title)","False","False","True","0"
"user","5287494523","(no title)","False","False","True","0"
"user","5171887107","×¨×•×—× ×™×•×ھ","False","False","True","0"
"channel","1646595281","ًں¥°B here 2 Change The SystemًںŒˆ","True","True","False","0"
"chat","683196475","ًں•ٹ ×‍×©×¤×ک ×©×œ×•×‌","True","False","False","0"
"user","5220452343","(no title)","False","False","True","0"
"user","5244695745","(no title)","False","False","True","0"
"user","5160190449","(no title)","False","False","True","0"
"user","5268859916","(no title)","False","False","True","0"
"user","5106754632","(no title)","False","False","True","0"
"user","5200518383","(no title)","False","False","True","0"
"user","1193001696","(no title)","False","False","True","0"
"user","5268916228","×œ×™×گ×•×¨","False","False","True","0"
"user","1978408754","(no title)","False","False","True","0"
"user","5132596327","×گ×•×¨","False","False","True","0"
"user","5208591252","(no title)","False","False","True","0"
"user","1444425979","Ila'","False","False","True","0"
"user","2015836360","(no title)","False","False","True","0"
"user","5172887765","(no title)","False","False","True","0"
"user","5044509967","×›×¤×™×¨","False","False","True","0"
"user","5063285873","×گ×ھ×•×،","False","False","True","0"
"user","5011904022","×¨×گ×•×•×™","False","False","True","0"
"user","5009754238","(no title)","False","False","True","0"
"user","5082512605","(no title)","False","False","True","0"
"user","5084957007","× ×’×” ×§×‘×•×¦","False","False","True","0"
"user","1082799833","ًںڈ، ×گ×‍×™×¨","False","False","True","0"
"user","5080715847","× ×’×”","False","False","True","0"
"user","5098388362","(no title)","False","False","True","0"
"user","1372098862","×’×™×œ×™ ×•×•×™× ×ک×¨","False","False","True","0"
"user","5003601513","(no title)","False","False","True","0"
"user","5041523280","×“× ×™×گ×œ","False","False","True","0"
"chat","689026727","ًں›؛ًںڈژًںڑœًںڑ›ًں›´ًںڑ™ ×ک×¨×‍×¤×™×‌ ×œ×ک×§×، ×”×“×œ×§×ھ ×گ×© ×”×¢×•×œ×‌ ×”×—×“×©","True","False","False","0"
"user","1416519010","(no title)","False","False","True","0"
"user","1331398907","×’×œ","False","False","True","0"
"user","5062503193","(no title)","False","False","True","0"
"user","5034898926","×گ×™×¨× ×” ×œ×گ×•×ں","False","False","True","0"
"user","5078903933","(no title)","False","False","True","0"
"user","1351007935","(no title)","False","False","True","0"
"user","1573947114","(no title)","False","False","True","0"
"user","1021132410","×›×¨×‍×™×ھ","False","False","True","0"
"user","5027933060","(no title)","False","False","True","0"
"channel","1547692165","ًںچ€ ï¸ڈâ‌—ï¸ڈPerfectGreen Menu - ×ھ×¤×¨×™×ک â‌—ï¸ڈ âککï¸ڈ","True","True","False","0"
"user","5073263236","(no title)","False","False","True","0"
"user","5054260932","(no title)","False","False","True","0"
"user","1639204043","×©×™ ًںŒ±","False","False","True","0"
"user","2125336017","×©×™×¨×” ×،×¤×”","False","False","True","0"
"user","2104756455","×‘×œ×• ًں’¢","False","False","True","0"
"user","2133733658","(no title)","False","False","True","0"
"user","2115335375","×‍×–×¨× ×™×‌","False","False","True","0"
"user","1308057229","×©×¨×“×¨","False","False","True","0"
"user","2114243992","(no title)","False","False","True","0"
"user","2101502572","(no title)","False","False","True","0"
"user","850171938","(no title)","False","False","True","0"
"user","2108422142","×’×™×گ","False","False","True","0"
"channel","1729892587","ًںŒ؛×§×”×™×œ×ھ ×¢×•×œ×‌ ×—×“×©","True","True","False","0"
"user","2131394912","(no title)","False","False","True","0"
"user","2116499742","(no title)","False","False","True","0"
"chat","753078882","ًںŒ؛×§×”×™×œ×ھ ×¢×•×œ×‌ ×—×“×©","True","False","False","0"
"user","2109852776","×گ×™×ھ×‍×¨","False","False","True","0"
"chat","536920867","×‍×•×¨×™×‌ ×”×•×¨×™×‌ ×œ×™×،×•×“×™ ×ک×‘×¢×•×ں","True","False","False","0"
"channel","1790547267","×‍×•×¨×™×‌ ×”×•×¨×™×‌ ×œ×™×،×•×“×™ ×”×¨×¦×œ×™×”","True","True","False","0"
"chat","600026261","×ھ×œ×‍×™×“×™ ×ھ×™×›×•×ں ×ک×‘×¢×•×ں","True","False","False","0"
"channel","1501772616","×ھ×œ×‍×™×“×™ ×ھ×™×›×•×ں ×ک×‘×¢×•×ں","True","True","False","0"
"chat","542949254","×ھ×œ×‍×™×“×™ ×—×ک×™×”""×‘ ×”×¨×¦×œ×™×”","True","False","False","0"
"channel","1680432761","×ھ×œ×‍×™×“×™ ×—×ک×™×”""×‘ ×”×¨×¦×œ×™×”","True","True","False","0"
"chat","679933966","×ھ×œ×‍×™×“×™ ×ھ×™×›×•×ں ×”×¨×¦×œ×™×”","True","False","False","0"
"channel","1679090676","×ھ×œ×‍×™×“×™ ×ھ×™×›×•×ں ×”×¨×¦×œ×™×”","True","True","False","0"
"chat","665465307","×ھ×œ×‍×™×“×™ ×™×،×•×“×™ ×”×¨×¦×œ×™×”","True","False","False","0"
"channel","1631252921","×ھ×œ×‍×™×“×™ ×™×،×•×“×™ ×”×¨×¦×œ×™×”","True","True","False","0"
"chat","760898107","×›× ×، ×‘×‍×ک×¢ ×،×‍×¨ 17-20.11.2021","True","False","False","0"
"user","2120987153","(no title)","False","False","True","0"
"chat","799319305","×‍×•×¨×™×‌ ×”×•×¨×™×‌ ×œ×™×،×•×“×™ ×”×¨×¦×œ×™×”","True","False","False","0"
"chat","619180530","×‍×•×¨×™×‌ ×”×•×¨×™×‌ ×œ×¤×¢×•×ک×•×ھ ×”×¨×¦×œ×™×”","True","False","False","0"
"channel","1686699630","×‍×•×¨×™×‌ ×”×•×¨×™×‌ ×œ×¤×¢×•×ک×•×ھ ×”×¨×¦×œ×™×”","True","True","False","0"
"user","2096018571","ًںŒ¾","False","False","True","0"
"channel","1767921796","×‍×•×¨×™×‌ ×”×•×¨×™×‌ ×œ×—×ک×™×”""×‘ ×™×¨×•×©×œ×™×‌","True","True","False","0"
"channel","1533417847","×‍×•×¨×™×‌ ×”×•×¨×™×‌ ×œ×™×،×•×“×™ ×ھ×œ ×گ×‘×™×‘","True","True","False","0"
"channel","1687196288","×‍×•×¨×™×‌ ×”×•×¨×™×‌ ×œ×ھ×™×›×•×ں ×©×¨×•×ں ×•×©×¤×œ×”","True","True","False","0"
"channel","1735384477","×‍×•×¨×™×‌ ×”×•×¨×™×‌ ×œ×™×،×•×“×™ ×¤×¨×“×، ×—× ×”","True","True","False","0"
"user","936532256","Miri","False","False","True","0"
"channel","1744635925","×ھ×œ×‍×™×“×™ ×™×،×•×“×™ ×—×™×¤×”","True","True","False","0"
"channel","1624833150","×ھ×›× ×™ ×œ×™×‍×•×“ ×œ×‘×•×’×¨×™×‌ ×‘""×©","True","True","False","0"
"channel","1753260713","×‍×•×¨×™×‌ ×”×•×¨×™×‌ ×œ×—×ک×™×”""×‘ ×‘""×©","True","True","False","0"
"channel","1675334014","×ھ×œ×‍×™×“×™ ×ھ×™×›×•×ں ×¤×¨×“×، ×—× ×”","True","True","False","0"
"channel","1620965430","×ھ×œ×‍×™×“×™ ×—×ک×™×”""×‘ ×¤×¨×“×، ×—× ×”","True","True","False","0"
"channel","1350412603","×ھ×œ×‍×™×“×™ ×™×،×•×“×™ ×¤×¨×“×، ×—× ×”","True","True","False","0"
"channel","1705592510","×ھ×›× ×™ ×œ×™×‍×•×“ ×œ×‘×•×’×¨×™×‌ ×¤×¨×“×، ×—× ×”","True","True","False","0"
"channel","1171884954","×ھ×œ×‍×™×“×™ ×—×ک×™×”""×‘ ×—×“×¨×”","True","True","False","0"
"channel","1663015991","×ھ×œ×‍×™×“×™ ×™×،×•×“×™ ×—×“×¨×”","True","True","False","0"
"channel","1690231554","×ھ×›× ×™ ×œ×™×‍×•×“ ×œ×‘×•×’×¨×™×‌ ×—×“×¨×”","True","True","False","0"
"channel","1575572797","×”×•×¨×™×‌ ×‍×•×¨×™×‌ ×™×،×•×“×™ ×—×“×¨×”","True","True","False","0"
"channel","1713250746","×‍×•×¨×™×‌ ×”×•×¨×™×‌ ×œ×¤×¢×•×ک×•×ھ ×—×“×¨×”","True","True","False","0"
"channel","1746658122","×ھ×œ×‍×™×“×™ ×ھ×™×›×•×ں ×‘×¢×¤×•×œ×”","True","True","False","0"
"channel","1330429697","×ھ×œ×‍×™×“×™ ×—×ک×™×”""×‘ ×‘×¢×¤×•×œ×”","True","True","False","0"
"channel","1628536922","×ھ×œ×‍×™×“×™ ×™×،×•×“×™ ×¢×¤×•×œ×”","True","True","False","0"
"channel","1550989509","×”×•×¨×™×‌ ×‍×•×¨×™×‌ ×—×ک×™×”""×‘ ×‘×§×¨×™×•×ھ","True","True","False","0"
"channel","1659960574","×”×•×¨×™×‌ ×‍×•×¨×™×‌ ×œ×¤×¢×•×ک×•×ھ ×‘×§×¨×™×•×ھ","True","True","False","0"
"channel","1746017032","×ھ×œ×‍×™×“×™ ×—×ک×™×”""×‘ ×—×‘×œ ×گ×™×œ×•×ھ","True","True","False","0"
"channel","1594913882","×ھ×œ×‍×™×“×™ ×™×،×•×“×™ ×—×‘×œ ×گ×™×œ×•×ھ","True","True","False","0"
"channel","1726056419","×ھ×œ×‍×™×“×™ ×ھ×™×›×•×ں ×—×‘×œ ×گ×™×œ×•×ھ","True","True","False","0"
"channel","1602428236","×ھ×œ×‍×™×“×™ ×—×ک×™×”""×‘ ×ھ×œ ×گ×‘×™×‘","True","True","False","0"
"channel","1661845193","2","True","True","False","0"
"channel","1700442139","×‍×•×¨×™×‌ ×”×•×¨×™×‌ ×œ×—×ک×™×”""×‘ ×‘×¢×¤×•×œ×”","True","True","False","0"
"channel","1533267993","×‍×•×¨×™×‌ ×”×•×¨×™×‌ ×œ×ھ×™×›×•×ں ×‘×¢×¤×•×œ×”","True","True","False","0"
"channel","1705502776","×§×”×™×œ×ھ ×‍×•×¨×™×‌ ×”×•×¨×™×‌ ×œ×™×،×•×“×™ ×—×‘×œ ×گ×™×œ×•×ھ","True","True","False","0"
"channel","1750776132","×§×”×™×œ×ھ ×‍×•×¨×™×‌ ×”×•×¨×™×‌ ×œ×ھ×™×›×•×ں ×—×‘×œ ×گ×™×œ×•×ھ","True","True","False","0"
"channel","1702576021","×§×”×™×œ×ھ ×‍×•×¨×™×‌ ×”×•×¨×™×‌ ×œ×¤×¢×•×ک×•×ھ ×—×‘×œ ×گ×™×œ×•×ھ","True","True","False","0"
"channel","1741665970","×™×“×¢ ×œ×‘×•×’×¨×™×‌ ×—×™×¤×”","True","True","False","0"
"channel","1659096436","×ھ×œ×‍×™×“×™ ×ھ×™×›×•×ں ×—×™×¤×”","True","True","False","0"
"channel","1663649338","×ھ×œ×‍×™×“×™ ×—×ک×™""×‘ ×—×™×¤×”","True","True","False","0"
"channel","1785214336","×‍×•×¨×™×‌ ×”×•×¨×™×‌ ×œ×—×ک×™""×‘ ×—×™×¤×”","True","True","False","0"
"channel","1503073164","×ھ×›× ×™ ×œ×™×‍×•×“ ×œ×‘×•×’×¨×™×‌ ×ھ×œ ×گ×‘×™×‘","True","True","False","0"
"channel","1690611421","×ھ×œ×‍×™×“×™ ×ھ×™×›×•×ں ×ھ×œ ×گ×‘×™×‘","True","True","False","0"
"channel","1724020175","×ھ×œ×‍×™×“×™ ×™×،×•×“×™ ×ھ×œ ×گ×‘×™×‘","True","True","False","0"
"channel","1649457975","×‍×•×¨×™×‌ ×”×•×¨×™×‌ ×ھ×™×›×•×ں ×ھ×œ ×گ×‘×™×‘","True","True","False","0"
"channel","1639155671","×ھ×œ×‍×™×“×™ ×ھ×™×›×•×ں ×©×¨×•×ں ×•×”×©×¤×œ×”","True","True","False","0"
"channel","1767569929","×ھ×œ×‍×™×“×™ ×—×ک×™×”""×‘ ×©×¨×•×ں ×•×”×©×¤×œ×”","True","True","False","0"
"channel","1625620141","×ھ×œ×‍×™×“×™ ×™×،×•×“×™ ×©×¨×•×ں ×•×”×©×¤×œ×”","True","True","False","0"
"channel","1609409707","×ھ×›× ×™ ×œ×™×‍×•×“ ×œ×‘×•×’×¨×™×‌ ×©×¨×•×ں ×•×”×©×¤×œ×”","True","True","False","0"
"channel","1222070760","×ھ×›× ×™ ×œ×™×‍×•×“ ×œ×‘×•×’×¨×™×‌ ×¢×¤×•×œ×”","True","True","False","0"
"channel","1730325352","×ھ×œ×‍×™×“×™ ×—×ک×™×”""×‘ ×‘×™×¨×•×©×œ×™×‌","True","True","False","0"
"channel","1541928998","×ھ×œ×‍×™×“×™ ×ھ×™×›×•×ں ×‘×™×¨×•×©×œ×™×‌","True","True","False","0"
"channel","1540225475","×ھ×œ×‍×™×“×™ ×—×ک×™×”""×‘ ×‘×™×¨×•×©×œ×™×‌","True","True","False","0"
"channel","1536295258","×ھ×œ×‍×™×“×™ ×™×،×•×“×™ ×‘×™×¨×•×©×œ×™×‌","True","True","False","0"
"chat","708509728","×ھ×œ×‍×™×“×™ ×—×ک×™×”""×‘ ×‘×™×¨×•×©×œ×™×‌","True","False","False","0"
"channel","1762928431","×‍×•×¨×™×‌ ×”×•×¨×™×‌ ×¤×¢×•×ک×•×ھ ×¢×›×•","True","True","False","0"
"channel","1561622593","×‍×•×¨×™×‌ ×”×•×¨×™×‌ ×ھ×™×›×•×ں ×¢×›×•","True","True","False","0"
"channel","1713200118","×‍×•×¨×™×‌ ×”×•×¨×™×‌ ×™×،×•×“×™ ×¢×›×•","True","True","False","0"
"channel","1660369819","×—× ×•×ھ ×ھ×¨×•×¤×•×ھ ×•×ک×™×¤×•×œ ×§×”×™×œ×ھ ''×،×œ×” ×œ×œ×گ ×’×‘×•×œ×•×ھ''","True","True","False","0"
"channel","1566799336","×‍×•×¨×™×‌ ×”×•×¨×™×‌ ×œ×¤×¢×•×ک×•×ھ ×‘×™×¨×•×©×œ×™×‌","True","True","False","0"
"channel","1690120411","×‍×•×¨×™×‌ ×”×•×¨×™×‌ ×—×ک×™×”""×‘ × ×”×¨×™×”","True","True","False","0"
"channel","1728806874","×‍×•×¨×™×‌ ×”×•×¨×™×‌ ×œ×¤×¢×•×ک×•×ھ × ×”×¨×™×”","True","True","False","0"
"user","2088489313","(no title)","False","False","True","0"
"user","2065373645","(no title)","False","False","True","0"
"user","2059046015","(no title)","False","False","True","0"
"channel","1616274839","×™×“×¢ ×œ×‘×•×’×¨×™×‌ ×§×¨×™×•×ھ","True","True","False","0"
"channel","1600741816","×ھ×œ×‍×™×“×™ ×™×،×•×“×™ ×§×¨×™×•×ھ","True","True","False","0"
"user","2022427842","×©×¨×™ ×‍×ھ×ں","False","False","True","0"
"channel","1690248039","×ھ×œ×‍×™×“×™ ×—×ک×™×”""×‘ ×§×¨×™×•×ھ","True","True","False","0"
"channel","1404588871","×©×¢×¨ ×’×گ×•×œ×” ×‘×ھ ×—×¤×¨","True","True","False","0"
"user","546555011","(no title)","False","False","True","0"
"user","2090854373","×“×‘ ×گ×•× ×™×‘","False","False","True","0"
"chat","639563119","×”×•×¨×™×‌ ×‘×’×œ×™×œ 12-18","True","False","False","0"
"chat","723764639","×”×•×¨×™×‌ ×‘×¢×›×• 6-12","True","False","False","0"
"chat","646140149","×”×•×¨×™×‌ ×‘×¢×›×• 3-7","True","False","False","0"
"chat","762717372","×”×•×¨×™×‌ ×‘×§×¨×™×•×ھ ×‘×¢×›×• 0-3","True","False","False","0"
"channel","1552764509","×”×©×›×¨×ھ ×¨×›×‘×™×‌ ×‘×،×œ×”","True","True","False","0"
"chat","761853305","×”×•×¨×™×‌ ×‘×§×¨×™×•×ھ 6-12","True","False","False","0"
"chat","711366422","×§×”×™×œ×ھ ×‍×•×¨×™×‌ ×‍×•×“×™×¢×™×ں","True","False","False","0"
"chat","736861085","×§×”×™×œ×ھ ×‍×•×¨×™×‌ × ×”×¨×™×”","True","False","False","0"
"chat","659300802","×§×”×™×œ×ھ ×‍×•×¨×™×‌ ×‘×’×œ×‘×•×¢","True","False","False","0"
"chat","661270181","×§×”×™×œ×ھ ×‍×¨×—×‘×™ ×œ×‍×™×“×” ×¢×›×•","True","False","False","0"
"chat","708958014","×§×”×™×œ×ھ ×‍×¨×—×‘×™ ×œ×‍×™×“×” ×گ×©×§×œ×•×ں","True","False","False","0"
"chat","688652487","×§×”×™×œ×ھ ×‍×•×¨×™×‌ ×‘×گ×¨ ×©×‘×¢","True","False","False","0"
"chat","789765130","×§×”×™×œ×ھ ×‍×•×¨×™×‌ ×—×™×¤×”","True","False","False","0"
"chat","751236629","×§×”×™×œ×ھ ×‍×•×¨×™×‌ ×§×¨×™×•×ھ","True","False","False","0"
"channel","1771779662","×‘×™×§×•×¨×ھ","True","True","False","0"
"channel","1523351431","×§×”×™×œ×ھ ×‍×¨×—×‘×™ ×œ×‍×™×“×” × ×”×¨×™×”","True","True","False","0"
"chat","746015636","×§×”×™×œ×ھ ×‍×¨×—×‘×™ ×œ×‍×™×“×” ×§×¨×™×•×ھ","True","False","False","0"
"user","2099633934","(no title)","False","False","True","0"
"user","1963119265","×™×•×گ×‘\n×گ×“×œ×©×ک×™×™×ں","False","False","True","0"
"user","2093915171","(no title)","False","False","True","0"
"user","2052037587","(no title)","False","False","True","0"
"channel","1563210241","×§×•×¤×ھ ×”×¨×¤×•×گ×” ×”×‘×™× ×•× ×™×ھ","True","True","False","0"
"ChatForbidden","709017337","×§×•×¤×ھ ×”×¨×¤×•×گ×” ×”×‘×™× ×•× ×™×ھ","False","False","False","0"
"channel","1182046650","'×¨×©×ھ ×”×ھ×§×•×•×”' ًں’‍ ×‘×ک×œ×’×¨×‌","False","True","False","0"
"user","2088500132","(no title)","False","False","True","0"
"user","1966442466","×¨×—×œ×™","False","False","True","0"
"user","480545879","×¨× ×ں","False","False","True","0"
"user","2086435162","(no title)","False","False","True","0"
"user","2054089016","×¢×™× ×‘","False","False","True","0"
"user","2073148367","×‍×گ×™×” ًںŒ±","False","False","True","0"
"user","2084081397","(no title)","False","False","True","0"
"user","190149641","(no title)","False","False","True","0"
"user","2051243024","2Sick Studio","False","False","True","0"
"user","2011705708","×گ×™×ھ×™","False","False","True","0"
"user","1406344878","(no title)","False","False","True","0"
"user","1318060134","(no title)","False","False","True","0"
"user","1975850918","(no title)","False","False","True","0"
"user","325254363","×“×™×‍×” ×‘×•×ک","False","False","True","0"
"user","2015586126","(no title)","False","False","True","0"
"user","2015113849","(no title)","False","False","True","0"
"user","1942924749","(no title)","False","False","True","0"
"user","2007278506","(no title)","False","False","True","0"
"user","2046562269","Sofia","False","False","True","0"
"user","1955596358","(no title)","False","False","True","0"
"user","2015131366","×¢×™×“×•","False","False","True","0"
"user","2031187682","(no title)","False","False","True","0"
"user","1299861955","(no title)","False","False","True","0"
"user","1471001035","(no title)","False","False","True","0"
"user","1766966414","(no title)","False","False","True","0"
"user","2002198959","×—×•×•×”","False","False","True","0"
"user","2007805099","(no title)","False","False","True","0"
"user","1990555132","(no title)","False","False","True","0"
"user","1995080878","(no title)","False","False","True","0"
"user","1972072919","(no title)","False","False","True","0"
"user","1101672226","Liza","False","False","True","0"
"user","1995267483","×ھ×‍×¨","False","False","True","0"
"user","1941976111","(no title)","False","False","True","0"
"user","1404460659","(no title)","False","False","True","0"
"user","1938126499","×™×•× ×™","False","False","True","0"
"user","987091845","Mmm","False","False","True","0"
"user","1696570059","(no title)","False","False","True","0"
"user","1926851035","(no title)","False","False","True","0"
"user","1972432069","(no title)","False","False","True","0"
"user","607630976","pit ibaas","False","False","True","0"
"user","1114267424","×‍×œ×ڑ ×”×گ×¨×™×•×ھ","False","False","True","0"
"user","1474352184","(no title)","False","False","True","0"
"channel","1507490710","×—×œ×œ×™ ×œ×‍×™×“×” ×œ×ھ×œ×‍×™×“×™×‌ ×—×›×‍×™×‌","True","True","False","0"
"chat","565498500","× ×™×،×™×•×ں","True","False","False","0"
"user","1907815580","(no title)","False","False","True","0"
"user","1989380544","(no title)","False","False","True","0"
"user","1953923890","(no title)","False","False","True","0"
"user","1973713467","×گ×œ×•×ں","False","False","True","0"
"user","1908333058","(no title)","False","False","True","0"
"user","1518092719","× ×¢×‍×™","False","False","True","0"
"user","988047319","Wolt Gras","False","False","True","0"
"user","1927759117","(no title)","False","False","True","0"
"user","1912714330","×©×œ×•×‍×™×ھ","False","False","True","0"
"user","1724675670","(no title)","False","False","True","0"
"user","1280138468","×“×§×œ×” ×¢×•× ×’","False","False","True","0"
"user","1142756057","(no title)","False","False","True","0"
"user","1934584685","(no title)","False","False","True","0"
"user","1941427266","(no title)","False","False","True","0"
"user","1925560611","(no title)","False","False","True","0"
"user","1385212748","(no title)","False","False","True","0"
"user","1005674725","×¨×•× ×™×ھ âœ¨","False","False","True","0"
"user","828226936","×“× ×“× ×”","False","False","True","0"
"user","1107516964","×‘× ×™×‍×™×ں","False","False","True","0"
"user","1699317272","(no title)","False","False","True","0"
"user","1926373757","(no title)","False","False","True","0"
"user","1065755747","Salit-ahinoam","False","False","True","0"
"user","1910296714","×©×¤×™","False","False","True","0"
"user","1901031037","(no title)","False","False","True","0"
"user","1928523714","(no title)","False","False","True","0"
"user","1938369421","×™×•× ×ھ×ں","False","False","True","0"
"user","1884463091","(no title)","False","False","True","0"
"user","1941381960","(no title)","False","False","True","0"
"user","954940013","(no title)","False","False","True","0"
"user","1853083161","(no title)","False","False","True","0"
"user","1802412928","×™×‘×’× ×™ ×’×™×ک×¨","False","False","True","0"
"user","1864589233","(no title)","False","False","True","0"
"user","1763523617","(no title)","False","False","True","0"
"user","1822951468","(no title)","False","False","True","0"
"user","1838877105","(no title)","False","False","True","0"
"user","1609355601","(no title)","False","False","True","0"
"channel","1167944850","×گ×§×،×ک×•×ھ ×¤×،×™×›×•×“×œ×™×” ×¤×ک×¨×™×•×ھ","False","True","False","0"
"user","1885325785","×ھ×•×‌","False","False","True","0"
"user","1701543395","(no title)","False","False","True","0"
"user","1852752163","(no title)","False","False","True","0"
"channel","1444477862","× ×©×¨ ×›×™×•×•× ×™×‌ ×ک×œ×’×¨×گ×،","False","True","False","0"
"user","1830186345","×—×ں ×—×‘×™×‘","False","False","True","0"
"user","1851779233","(no title)","False","False","True","0"
"user","1820273223","(no title)","False","False","True","0"
"user","1843175859","(no title)","False","False","True","0"
"user","1802847138","×گ×•×¨×™×ھ ×™×¤×•","False","False","True","0"
"user","712889008","(no title)","False","False","True","0"
"user","1736018926","(no title)","False","False","True","0"
"user","1743308085","(no title)","False","False","True","0"
"user","1816847227","(no title)","False","False","True","0"
"user","1816524652","(no title)","False","False","True","0"
"user","1872639783","×™×•×‘×œ","False","False","True","0"
"user","1823852514","(no title)","False","False","True","0"
"user","1818841587","(no title)","False","False","True","0"
"user","1849553632","(no title)","False","False","True","0"
"user","1870222513","(no title)","False","False","True","0"
"user","1701881723","(no title)","False","False","True","0"
"user","1883205902","(no title)","False","False","True","0"
"user","1844808641","(no title)","False","False","True","0"
"user","1832830707","(no title)","False","False","True","0"
"user","1276014608","(no title)","False","False","True","0"
"user","1800050100","×§×¨×ں","False","False","True","0"
"user","1801629759","(no title)","False","False","True","0"
"user","1691702967","×‘× ×’'×• ×©×™","False","False","True","0"
"user","1789814964","×©×œ×™ ×ک×¨×•×‍×‘×•×ں","False","False","True","0"
"user","1724406168","(no title)","False","False","True","0"
"user","1397218560","×”×§×¨×ک×œ ×©×œ ×¦'×گ×¨×œ×™","False","False","True","0"
"user","1457256616","×’×œ×™ ×،×™×œ×‘×¨( ً‌“£ً‌“®ً‌“µً‌“®ً‌“°ً‌“»ً‌“ھً‌“¼ً‌“¼)","False","False","True","0"
"user","1147178697","Alice In Wonderland ًں«€","False","False","True","0"
"user","908185353","(no title)","False","False","True","0"
"user","1038729312","(no title)","False","False","True","0"
"user","1047077046","(no title)","False","False","True","0"
"user","1695572147","×©×—×£\n×–×‍×ں\n×گ×‍×™","False","False","True","0"
"user","1749680741","(no title)","False","False","True","0"
"user","1648379435","×©× ×™","False","False","True","0"
"user","1715815690","(no title)","False","False","True","0"
"user","1548044580","(no title)","False","False","True","0"
"user","1681708148","(no title)","False","False","True","0"
"user","1788752469","(no title)","False","False","True","0"
"user","1797866278","(no title)","False","False","True","0"
"user","1785045257","×‘×گ×”×”","False","False","True","0"
"user","1776854621","(no title)","False","False","True","0"
"user","1715346527","(no title)","False","False","True","0"
"user","1433987976","×—×’×™ âœ¨","False","False","True","0"
"user","1748526129","(no title)","False","False","True","0"
"user","1748374355","(no title)","False","False","True","0"
"user","1678392186","(no title)","False","False","True","0"
"user","1760049852","(no title)","False","False","True","0"
"user","1713304245","×¤×گ×‘×™","False","False","True","0"
"user","1735766854","×§×•×‘×™","False","False","True","0"
"user","1573207266","(no title)","False","False","True","0"
"user","1535519321","(no title)","False","False","True","0"
"user","1525944536","(no title)","False","False","True","0"
"user","1601138267","×’'×™× ×™","False","False","True","0"
"user","1650585001","(no title)","False","False","True","0"
"user","1554618212","(no title)","False","False","True","0"
"user","1608169397","(no title)","False","False","True","0"
"user","1541139098","(no title)","False","False","True","0"
"user","953603606","×¦×‘×™×§×” Tsvika","False","False","True","0"
"user","1590985180","×گ× ×” ×’×œ ×‘×™×ک","False","False","True","0"
"user","1642772034","(no title)","False","False","True","0"
"user","1608630993","(no title)","False","False","True","0"
"user","1606478839","×§×“×™×‍×”","False","False","True","0"
"user","1647422715","(no title)","False","False","True","0"
"user","1646191571","×‘×•×¨×™×، ×œ×‍×—×•×§","False","False","True","0"
"user","1609349400","(no title)","False","False","True","0"
"user","1691985011","(no title)","False","False","True","0"
"user","1606702880","(no title)","False","False","True","0"
"user","1698799999","(no title)","False","False","True","0"
"user","1635792061","(no title)","False","False","True","0"
"user","1544643391","(no title)","False","False","True","0"
"user","1433721223","(no title)","False","False","True","0"
"user","1541250428","(no title)","False","False","True","0"
"user","1591722439","(no title)","False","False","True","0"
"chat","474575351","×™×•×¦×¨×™×‌ ×’×ں ×¢×“×ں ×¢×œ×™ ×گ×“×‍×•×ھ","True","False","False","0"
"user","1512272171","(no title)","False","False","True","0"
"user","1571603208","(no title)","False","False","True","0"
"user","1552736834","×گ×™×ھ×‍×¨ ×‘×§","False","False","True","0"
"user","1580000082","(no title)","False","False","True","0"
"user","1596542409","×©×گ×“×™","False","False","True","0"
"user","1520036490","(no title)","False","False","True","0"
"user","1549735377","(no title)","False","False","True","0"
"chat","311614902","×©×¢×¨ ×’×گ×•×œ×” ×‘×ھ ×—×¤×¨","True","False","False","0"
"channel","1496621456","×©×¢×¨×™ ×”×’×گ×•×œ×”","True","True","False","0"
"user","1136856260","THE KING'S","False","False","True","0"
"user","1533364586","(no title)","False","False","True","0"
"user","1446215126","(no title)","False","False","True","0"
"user","1580287391","(no title)","False","False","True","0"
"chat","407304017","×©×¢×¨×™ ×”×’×گ×•×œ×”","True","False","False","0"
"user","1407262502","(no title)","False","False","True","0"
"user","1527549972","(no title)","False","False","True","0"
"user","1534066955","(no title)","False","False","True","0"
"user","1476229461","×¨×—×œ","False","False","True","0"
"user","1504415832","×©×‍×•×œ×™×§ ×گ×‘×ں ×¦×•×¨","False","False","True","0"
"user","1538274452","×‍×¨×گ×‌","False","False","True","0"
"user","1534328158","×—×™×™×‌","False","False","True","0"
"channel","1478884804","×©×¢×¨×™ ×”×’×گ×•×œ×”","False","True","False","0"
"user","1513751062","(no title)","False","False","True","0"
"user","1550534333","(no title)","False","False","True","0"
"user","1561572401","×™×¦×—×§","False","False","True","0"
"user","1525361541","(no title)","False","False","True","0"
"user","1560442251","(no title)","False","False","True","0"
"user","1595761766","(no title)","False","False","True","0"
"user","1543238404","×‍×™×‍×™","False","False","True","0"
"user","1578549247","×گ×،×£","False","False","True","0"
"user","1584546853","×¦×—×™ ×”×’×‘×¨×”","False","False","True","0"
"user","1328843792","×‘× ×™ ×”×“×¨×›×ھ ×گ×•×œ×¤×ں","False","False","True","0"
"user","1525016376","×‍×™×›×œ ×”×œ×œ×™ ×ھ×گ×ک×¨×•×ں ×—×™×¤×”","False","False","True","0"
"user","1435803698","(no title)","False","False","True","0"
"user","1445324991","×¢×™×“×ں ًں’¢","False","False","True","0"
"user","1127477049","(no title)","False","False","True","0"
"user","1469685187","(no title)","False","False","True","0"
"user","1466346287","×”×“×، ×‘×ں","False","False","True","0"
"user","1464556202","(no title)","False","False","True","0"
"user","1412233294","(no title)","False","False","True","0"
"user","1479652587","(no title)","False","False","True","0"
"user","1469853043","(no title)","False","False","True","0"
"user","1435044776","(no title)","False","False","True","0"
"user","1462369333","×،×¤×¨×ک×§ âœ¨","False","False","True","0"
"chat","492886115","×©×‘×ک ×‍×’×©×™×‍×™ ×”×—×œ×•×‍×•×ھ ًںکڈًں‘Œًںک‹","True","False","False","0"
"user","1442105552","(no title)","False","False","True","0"
"user","1495933511","(no title)","False","False","True","0"
"user","1354616843","(no title)","False","False","True","0"
"user","1184996737","(no title)","False","False","True","0"
"user","1125741538","(no title)","False","False","True","0"
"user","1404279802","(no title)","False","False","True","0"
"user","1061414806","×§× ×گ×‘×™×، ×™×©×¨×گ×œ","False","False","True","0"
"user","1302381227","(no title)","False","False","True","0"
"user","1207414062","(no title)","False","False","True","0"
"user","1435290607","×™×¤×”","False","False","True","0"
"user","1468373870","×”×™×œ×” - ×—×’","False","False","True","0"
"user","1463624950","(no title)","False","False","True","0"
"user","1461555478","(no title)","False","False","True","0"
"user","1367305648","(no title)","False","False","True","0"
"user","1443074390","(no title)","False","False","True","0"
"user","1437729783","×ھ×•×‍×¨","False","False","True","0"
"user","1487015766","(no title)","False","False","True","0"
"user","1465803274","×گ×•×¨×گ×œ\n×§×•× ","False","False","True","0"
"user","1487676687","×§×¨×ں","False","False","True","0"
"user","1401415059","(no title)","False","False","True","0"
"user","725367344","(no title)","False","False","True","0"
"chat","487103742","10-300 â‚ھ *.* ×‘×•×œ×“×•×’ *.*","True","False","False","0"
